-- phpMyAdmin SQL Dump
-- version 4.1.14
-- http://www.phpmyadmin.net
--
-- Host: 127.0.0.1
-- Generation Time: Feb 11, 2016 at 10:42 AM
-- Server version: 5.6.17
-- PHP Version: 5.5.12

SET SQL_MODE = "NO_AUTO_VALUE_ON_ZERO";
SET time_zone = "+00:00";


/*!40101 SET @OLD_CHARACTER_SET_CLIENT=@@CHARACTER_SET_CLIENT */;
/*!40101 SET @OLD_CHARACTER_SET_RESULTS=@@CHARACTER_SET_RESULTS */;
/*!40101 SET @OLD_COLLATION_CONNECTION=@@COLLATION_CONNECTION */;
/*!40101 SET NAMES utf8 */;

--
-- Database: `restro`
--

-- --------------------------------------------------------

--
-- Table structure for table `configraution`
--

CREATE TABLE IF NOT EXISTS `configraution` (
  `id` int(11) NOT NULL AUTO_INCREMENT,
  `min_order_per_page` int(11) DEFAULT NULL,
  `manager_id` int(11) DEFAULT NULL,
  `no_of_table` int(11) DEFAULT NULL,
  `tax` decimal(11,2) DEFAULT NULL,
  `auto_refresh_time` int(11) NOT NULL,
  `hotel_name` varchar(255) DEFAULT NULL,
  `logo` varchar(255) DEFAULT NULL,
  `address` varchar(255) DEFAULT NULL,
  `contact` varchar(255) DEFAULT NULL,
  `free_waiter_notify_color` varchar(255) DEFAULT NULL,
  `busy_waiter_notify_color` varchar(255) DEFAULT NULL,
  `occupied_table_notify_color` varchar(255) DEFAULT NULL,
  `email_id` int(100) NOT NULL,
  `upper_block_refresh_time` int(11) DEFAULT NULL,
  `customer_notification_auto_refresh_time` int(11) DEFAULT NULL,
  `free_waiter_auto_refresh_time` int(11) DEFAULT NULL,
  `free_table_auto_refresh_time` int(11) DEFAULT NULL,
  `currency` varchar(255) DEFAULT NULL,
  PRIMARY KEY (`id`)
) ENGINE=InnoDB  DEFAULT CHARSET=latin1 AUTO_INCREMENT=28 ;

--
-- Dumping data for table `configraution`
--

INSERT INTO `configraution` (`id`, `min_order_per_page`, `manager_id`, `no_of_table`, `tax`, `auto_refresh_time`, `hotel_name`, `logo`, `address`, `contact`, `free_waiter_notify_color`, `busy_waiter_notify_color`, `occupied_table_notify_color`, `email_id`, `upper_block_refresh_time`, `customer_notification_auto_refresh_time`, `free_waiter_auto_refresh_time`, `free_table_auto_refresh_time`, `currency`) VALUES
(27, 12, 68, 55, '12.36', 0, 'BIRYANI HOUSE', 'logo.jpg', 'Accacia Avenue, Kololo- Opposite Kabojja School!', '+91 9668845878', '008000', 'ff7575', 'ff7575', 1, 5000, 5000, 6000, 6000, 'UGX');

-- --------------------------------------------------------

--
-- Table structure for table `coupon`
--

CREATE TABLE IF NOT EXISTS `coupon` (
  `id` int(11) NOT NULL AUTO_INCREMENT,
  `name` varchar(64) NOT NULL,
  `description` text NOT NULL,
  `code` varchar(64) NOT NULL,
  `timestamp` timestamp NOT NULL DEFAULT CURRENT_TIMESTAMP,
  `used` tinyint(4) NOT NULL DEFAULT '0',
  PRIMARY KEY (`id`),
  UNIQUE KEY `code` (`code`)
) ENGINE=InnoDB  DEFAULT CHARSET=latin1 AUTO_INCREMENT=484 ;

--
-- Dumping data for table `coupon`
--

INSERT INTO `coupon` (`id`, `name`, `description`, `code`, `timestamp`, `used`) VALUES
(469, '', '', '855172', '2012-11-13 06:57:11', 0),
(470, '', '', '200387', '2012-12-02 09:24:42', 0),
(471, '', '', '849597', '2012-12-02 09:38:47', 0),
(472, '', '', '301406', '2012-12-02 09:38:52', 0),
(473, '', '', '384600', '2012-12-02 09:38:53', 0),
(474, '', '', '269931', '2012-12-02 09:38:54', 0),
(475, '', '', '244360', '2012-12-02 09:40:14', 0),
(476, '', '', '761843', '2012-12-02 09:41:07', 0),
(477, '', '', '678485', '2012-12-02 09:41:53', 0),
(478, '', '', '184567', '2012-12-02 09:44:15', 0),
(479, '', '', '895959', '2012-12-02 09:44:21', 0),
(480, '', '', '517398', '2012-12-02 09:48:35', 0),
(481, '', '', '640142', '2012-12-02 10:07:25', 0),
(482, '', '', '389956', '2012-12-03 17:36:37', 0),
(483, '', '', '317960', '2014-12-24 13:15:36', 0);

-- --------------------------------------------------------

--
-- Table structure for table `customer_data`
--

CREATE TABLE IF NOT EXISTS `customer_data` (
  `id` int(10) NOT NULL AUTO_INCREMENT,
  `customer_name` varchar(200) DEFAULT NULL,
  `mobile` varchar(20) NOT NULL,
  `birth_date` varchar(20) DEFAULT NULL,
  `email` varchar(100) NOT NULL,
  `menu_id` int(10) NOT NULL,
  `comment` varchar(400) NOT NULL,
  `price` decimal(50,0) NOT NULL,
  `timestamp` timestamp NULL DEFAULT CURRENT_TIMESTAMP,
  `bill` varchar(100) NOT NULL,
  `order_id` int(10) NOT NULL,
  `orderitem_id` int(10) NOT NULL,
  `menu_name` varchar(500) NOT NULL,
  PRIMARY KEY (`id`)
) ENGINE=InnoDB  DEFAULT CHARSET=latin1 AUTO_INCREMENT=59 ;

--
-- Dumping data for table `customer_data`
--

INSERT INTO `customer_data` (`id`, `customer_name`, `mobile`, `birth_date`, `email`, `menu_id`, `comment`, `price`, `timestamp`, `bill`, `order_id`, `orderitem_id`, `menu_name`) VALUES
(58, 'khushisoni', '8452812880', '215454', 's@djkj', 0, '', '0', '2015-02-11 06:03:47', '', 0, 0, '');

-- --------------------------------------------------------

--
-- Table structure for table `email`
--

CREATE TABLE IF NOT EXISTS `email` (
  `id` int(10) NOT NULL AUTO_INCREMENT,
  `name` varchar(100) NOT NULL,
  `from` varchar(100) NOT NULL,
  `to` varchar(100) NOT NULL,
  `cc` varchar(100) DEFAULT NULL,
  `bcc` varchar(100) NOT NULL,
  `host` varchar(100) NOT NULL,
  `port` varchar(100) NOT NULL,
  `username` varchar(100) NOT NULL,
  `password` varchar(100) NOT NULL,
  `type` varchar(100) NOT NULL,
  `available` varchar(100) NOT NULL,
  PRIMARY KEY (`id`)
) ENGINE=InnoDB DEFAULT CHARSET=latin1 AUTO_INCREMENT=1 ;

-- --------------------------------------------------------

--
-- Table structure for table `ingredients`
--

CREATE TABLE IF NOT EXISTS `ingredients` (
  `id` int(11) NOT NULL AUTO_INCREMENT,
  `menuItemid` int(11) NOT NULL,
  `name` varchar(64) NOT NULL,
  `quantity` int(20) NOT NULL,
  `min_ingr` int(20) NOT NULL,
  `delete` int(10) NOT NULL,
  `date` date NOT NULL,
  `in_limit` varchar(10) NOT NULL,
  `ing_type` varchar(200) NOT NULL,
  `category` varchar(255) DEFAULT NULL,
  PRIMARY KEY (`id`)
) ENGINE=InnoDB  DEFAULT CHARSET=latin1 AUTO_INCREMENT=261 ;

--
-- Dumping data for table `ingredients`
--

INSERT INTO `ingredients` (`id`, `menuItemid`, `name`, `quantity`, `min_ingr`, `delete`, `date`, `in_limit`, `ing_type`, `category`) VALUES
(14, 0, 'Cherriess', 134362, 5, 1, '2015-01-28', '', '', NULL),
(15, 0, 'Honey', 12000, 48, 0, '2015-01-15', '', '', NULL),
(16, 0, 'Toffee', 120, 0, 0, '2015-02-16', '1', '', NULL),
(17, 0, 'Nuts', 1200, 360, 0, '2015-01-15', '', '', NULL),
(18, 0, 'Ham', 565, 113, 0, '2015-01-15', '', '', NULL),
(19, 0, 'Swiss Cheese', 12000, 2400, 0, '2015-01-15', '', '', NULL),
(20, 29, 'Mayonnaise', 30, 2, 0, '2015-01-15', '', '', NULL),
(21, 30, 'Pepperoni', 30, 2, 0, '2015-01-15', '', '', NULL),
(22, 30, 'Mozzarella', 30, 2, 0, '2015-01-15', '', '', NULL),
(23, 30, 'Black Olives', 30, 2, 0, '2015-01-15', '', '', NULL),
(24, 30, 'Pineapple', 30, 2, 0, '2015-01-15', '', '', NULL),
(25, 31, 'Shrimp', 30, 2, 0, '2015-01-15', '', '', NULL),
(26, 31, 'Potatoes', 30, 2, 0, '2015-01-15', '', '', NULL),
(27, 0, 'Peanuts', 10020, 2004, 0, '2015-01-15', '', '', NULL),
(28, 33, 'Ice Cream', 30, 4, 0, '2015-01-15', '', '', NULL),
(29, 33, 'Chocolate Chunks', 30, 4, 1, '2015-01-15', '', '', NULL),
(30, 34, 'Cream cheese', 30, 4, 0, '2015-01-15', '', '', NULL),
(31, 0, 'Butter', 30, 4, 0, '2015-02-09', '1', '', NULL),
(32, 35, 'Garlic', 30, 4, 0, '2015-01-15', '', '', NULL),
(33, 0, 'Fresh Basil', 100, 4, 0, '2015-01-19', '', '', NULL),
(34, 35, 'Pine Nuts', 45, 2, 0, '2015-01-15', '', '', NULL),
(35, 35, 'Lettuce', 45, 2, 0, '2015-01-15', '', '', NULL),
(36, 42, 'Cucumber Slices', 45, 2, 1, '2015-01-15', '', '', NULL),
(37, 42, 'Ice', 45, 2, 0, '2015-01-15', '', '', NULL),
(38, 42, 'Gin', 45, 2, 1, '2015-01-15', '', '', NULL),
(39, 42, 'Vodka', 45, 2, 0, '2015-01-15', '', '', NULL),
(40, 42, 'Lemon Juice', 45, 2, 0, '2015-01-15', '', '', NULL),
(41, 42, 'Worcester Sauce', 45, 2, 0, '2015-01-15', '', '', NULL),
(49, 43, 'Pineapple Juice', 45, 2, 0, '2015-01-15', '', '', NULL),
(50, 43, 'Grenadine', 45, 2, 0, '2015-01-15', '', '', NULL),
(51, 43, 'Carribean Rum', 45, 2, 1, '2015-01-15', '', '', NULL),
(52, 43, 'Cheap Gin', 45, 2, 1, '2015-01-15', '', '', NULL),
(53, 43, 'Olive Juice', 45, 2, 0, '2015-03-31', '', 'nou', NULL),
(54, 40, 'Grenadine', 45, 2, 0, '2015-01-15', '', '', NULL),
(55, 40, 'Menthomint Schnapps', 45, 2, 0, '2015-01-15', '', '', NULL),
(56, 41, 'Vanilla Rum', 45, 2, 0, '2015-01-15', '', '', NULL),
(57, 41, 'Strawberry Rum', 45, 2, 0, '2015-01-15', '', '', NULL),
(58, 0, 'Amaretto', 31, 9, 1, '2015-02-24', '1', '', NULL),
(59, 0, 'egg2', 1188, 2, 1, '2015-01-15', '', '', NULL),
(60, 0, 'apple', 7, 10, 0, '2015-02-02', '1', '', NULL),
(61, 0, 'Chiken', 100, 2, 1, '2015-01-21', '', '', NULL),
(62, 0, 'cvcv', 1, 5, 1, '2015-02-11', '1', 'nou', NULL),
(63, 0, 'test', 1, 3, 0, '2015-01-26', '', '', NULL),
(64, 0, 'xyaa', 10000, 10, 1, '2015-01-28', '', '', NULL),
(65, 0, 'paneer', 167, 5, 0, '2015-02-02', '', '', NULL),
(66, 0, 'as', 24, 23, 1, '2015-02-24', '1', '', NULL),
(67, 0, 'rajma', 0, 2, 0, '2015-02-09', '', 'kg', NULL),
(68, 0, 'appp', 128, 12, 1, '2015-02-09', '1', 'nos', NULL),
(69, 0, 'abc', 44, 12, 1, '2015-04-03', '1', 'grm', NULL),
(70, 0, 'akls', 1100, 13, 1, '2015-02-24', '1', 'grm', NULL),
(71, 0, 'k', 100, 10, 1, '2015-02-09', '', 'nou', NULL),
(72, 0, 'newtestb', 11878, 5, 1, '2015-02-10', '1', '', 'bar'),
(73, 0, 'Semi k', 337, 10, 0, '2015-02-10', '1', '', 'bar'),
(74, 0, 'new ', 56, 10, 1, '2015-02-10', '1', '', 'bar'),
(75, 0, 'Oregano', 100, 10, 0, '2015-03-13', '1', 'nou', NULL),
(76, 0, 'collard leaves', 2000, 100, 0, '2015-03-13', '1', 'grm', NULL),
(77, 0, 'Chinese noodles', 0, 100, 0, '2015-03-13', '', 'kg', NULL),
(78, 0, 'Cabbage', 0, 5, 0, '2015-03-13', '', 'kg', NULL),
(79, 0, 'rice', 0, 10, 0, '2015-03-13', '', 'kg', NULL),
(80, 0, 'Dal', 0, 10, 0, '2015-03-13', '', 'kg', NULL),
(81, 0, 'Fish', 0, 100, 0, '2015-03-13', '', 'kg', NULL),
(82, 0, 'Mutton', 0, 10, 0, '2015-03-13', '', 'kg', NULL),
(83, 0, 'Almond', 0, 10, 0, '2015-03-13', '', 'kg', NULL),
(84, 0, 'flour', 0, 10, 0, '2015-03-13', '', 'kg', NULL),
(85, 0, 'Egg', 200, 30, 0, '2015-04-03', '1', 'nou', NULL),
(86, 0, 'vbgdfgfdggg', 0, 0, 1, '2015-06-09', '', '', NULL),
(87, 0, 'sugar', 50, 0, 0, '2015-06-09', '1', '', NULL),
(88, 0, 'vegetables', 0, 0, 0, '2015-06-14', '', '', NULL),
(89, 0, 'sliced cucumber', 0, 0, 1, '2015-06-14', '', '', NULL),
(90, 0, 'onions', 0, 0, 0, '2015-06-14', '', '', NULL),
(91, 0, 'Tomatoes', 0, 0, 0, '2015-06-14', '', '', NULL),
(92, 0, 'plain roasted cracker', 0, 0, 0, '2015-06-14', '', '', NULL),
(93, 0, 'crisp', 0, 0, 0, '2015-06-14', '', '', NULL),
(94, 0, 'herbs', 0, 0, 0, '2015-06-14', '', '', NULL),
(95, 0, 'cauliflower', 0, 0, 0, '2015-06-14', '', '', NULL),
(96, 0, 'chips', 0, 0, 0, '2015-06-14', '', '', NULL),
(97, 0, 'chilli', 0, 0, 0, '2015-06-14', '', '', NULL),
(98, 0, 'Chicken', 0, 0, 0, '2015-06-14', '', '', NULL),
(99, 0, 'spices', 0, 0, 0, '2015-06-14', '', '', NULL),
(100, 0, 'ginger', 0, 0, 0, '2015-06-14', '', '', NULL),
(101, 0, 'cayenne pepper', 0, 0, 0, '2015-06-14', '', '', NULL),
(102, 0, 'mustard powder', 0, 0, 0, '2015-06-14', '', '', NULL),
(103, 0, 'vinegar', 0, 0, 0, '2015-06-14', '', '', NULL),
(104, 0, 'Amritsar', 0, 0, 0, '2015-06-14', '', '', NULL),
(105, 0, 'lemon', 0, 0, 0, '2015-06-14', '', '', NULL),
(106, 0, 'capsicum', 0, 0, 0, '2015-06-14', '', '', NULL),
(107, 0, 'yogurt', 0, 0, 0, '2015-06-14', '', '', NULL),
(108, 0, 'irish potatoes', 0, 0, 0, '2015-06-14', '', '', NULL),
(109, 0, 'cream', 0, 0, 0, '2015-06-14', '', '', NULL),
(110, 0, 'Ajwain flavor', 0, 0, 0, '2015-06-14', '', '', NULL),
(111, 0, 'tamarind', 0, 0, 0, '2015-06-14', '', '', NULL),
(112, 0, 'pistachio', 0, 0, 0, '2015-06-14', '', '', NULL),
(113, 0, 'green paper', 0, 0, 0, '2015-06-14', '', '', NULL),
(114, 0, 'spinach', 0, 0, 0, '2015-06-14', '', '', NULL),
(115, 0, 'kofta balls', 0, 0, 0, '2015-06-14', '', '', NULL),
(116, 0, 'pumpkin', 0, 0, 0, '2015-06-14', '', '', NULL),
(117, 0, 'cinnamon', 0, 0, 0, '2015-06-14', '', '', NULL),
(118, 0, 'green peas', 0, 0, 0, '2015-06-14', '', '', NULL),
(119, 0, 'tangy pickle', 0, 0, 0, '2015-06-14', '', '', NULL),
(120, 0, 'kashmiri chilli powder', 0, 0, 0, '2015-06-14', '', '', NULL),
(121, 0, 'cashew nut', 0, 0, 0, '2015-06-14', '', '', NULL),
(122, 0, 'Red kidney beans', 0, 0, 0, '2015-06-14', '', '', NULL),
(123, 0, 'moong dal', 0, 0, 0, '2015-06-14', '', '', NULL),
(124, 0, 'cumin', 0, 0, 0, '2015-06-14', '', '', NULL),
(125, 0, 'cheese', 0, 0, 0, '2015-06-14', '', '', NULL),
(126, 0, 'sultanas', 0, 0, 0, '2015-06-14', '', '', NULL),
(127, 0, 'halloumi cheese', 0, 0, 0, '2015-06-14', '', '', NULL),
(128, 0, 'olive oil', 0, 0, 0, '2015-06-14', '', '', NULL),
(129, 0, 'bell peppers', 0, 0, 0, '2015-06-14', '', '', NULL),
(130, 0, 'cucumber', 0, 0, 0, '2015-06-14', '', '', NULL),
(131, 0, 'feta cheese', 0, 0, 0, '2015-06-14', '', '', NULL),
(132, 0, 'boiled eggs', 0, 0, 0, '2015-06-14', '', '', NULL),
(133, 0, 'tuna fish', 0, 0, 0, '2015-06-14', '', '', NULL),
(134, 0, 'bbq sauce', 0, 0, 0, '2015-06-14', '', '', NULL),
(135, 0, 'avacados', 0, 0, 0, '2015-06-14', '', '', NULL),
(136, 0, 'celery', 0, 0, 0, '2015-06-14', '', '', NULL),
(137, 0, 'african spices', 0, 0, 0, '2015-06-14', '', '', NULL),
(138, 0, 'tilapia', 0, 0, 0, '2015-06-14', '', '', NULL),
(139, 0, 'lamb chops', 0, 0, 0, '2015-06-14', '', '', NULL),
(140, 0, 'kalamari see food', 0, 0, 0, '2015-06-14', '', '', NULL),
(141, 0, 'batter', 0, 0, 1, '2015-06-14', '', '', NULL),
(142, 0, 'mushroom sauce', 0, 0, 0, '2015-06-14', '', '', NULL),
(143, 0, 'peanut sauce', 0, 0, 0, '2015-06-14', '', '', NULL),
(144, 0, 'mild spices', 0, 0, 0, '2015-06-14', '', '', NULL),
(145, 0, 'coconut sauce', 0, 0, 0, '2015-06-14', '', '', NULL),
(146, 0, 'penne pasta', 0, 0, 0, '2015-06-14', '', '', NULL),
(147, 0, 'parmesan cheese', 0, 0, 0, '2015-06-14', '', '', NULL),
(148, 0, 'lenguine pasta', 0, 0, 0, '2015-06-14', '', '', NULL),
(149, 0, 'bananas', 0, 0, 0, '2015-06-14', '', '', NULL),
(150, 0, 'mixed gerden salads', 0, 0, 0, '2015-06-14', '', '', NULL),
(151, 0, 'corriader', 0, 0, 0, '2015-06-14', '', '', NULL),
(152, 0, 'mushrooms', 0, 0, 0, '2015-06-14', '', '', NULL),
(153, 0, 'plantain', 0, 0, 0, '2015-06-14', '', '', NULL),
(154, 0, 'milk', 0, 0, 0, '2015-06-14', '', '', NULL),
(155, 0, 'bread', 0, 0, 0, '2015-06-14', '', '', NULL),
(156, 0, 'Cherries', 0, 0, 0, '2015-06-14', '', '', NULL),
(157, 0, '2 eggs', 0, 0, 0, '2015-06-14', '', '', NULL),
(158, 0, 'mini pancake', 0, 0, 0, '2015-06-14', '', '', NULL),
(159, 0, 'baked beans', 0, 0, 0, '2015-06-14', '', '', NULL),
(160, 0, 'sausages', 0, 0, 0, '2015-06-14', '', '', NULL),
(161, 0, 'toast', 0, 0, 0, '2015-06-14', '', '', NULL),
(162, 0, 'jam', 0, 0, 0, '2015-06-14', '', '', NULL),
(163, 0, 'continental salad', 0, 0, 0, '2015-06-14', '', '', NULL),
(164, 0, 'hash browns', 0, 0, 0, '2015-06-14', '', '', NULL),
(165, 0, 'grilled salad', 0, 0, 0, '2015-06-14', '', '', NULL),
(166, 0, 'water', 0, 0, 0, '2015-06-14', '', '', NULL),
(167, 0, 'coke', 0, 0, 0, '2015-06-14', '', '', NULL),
(168, 0, 'spirit', 0, 0, 0, '2015-06-14', '', '', NULL),
(169, 0, 'fanta', 0, 0, 0, '2015-06-14', '', '', NULL),
(170, 0, 'sprite', 0, 0, 0, '2015-06-14', '', '', NULL),
(171, 0, 'stoney', 0, 0, 0, '2015-06-14', '', '', NULL),
(172, 0, 'tonic water', 0, 0, 0, '2015-06-14', '', '', NULL),
(173, 0, 'soda water', 0, 0, 0, '2015-06-14', '', '', NULL),
(174, 0, 'rose water', 0, 0, 0, '2015-06-14', '', '', NULL),
(175, 0, 'salt', 0, 0, 0, '2015-06-14', '', '', NULL),
(176, 0, 'krest', 0, 0, 0, '2015-06-14', '', '', NULL),
(177, 0, 'mirinda', 0, 0, 0, '2015-06-14', '', '', NULL),
(178, 0, 'mountain dew', 0, 0, 0, '2015-06-14', '', '', NULL),
(179, 0, 'pepsi', 0, 0, 0, '2015-06-14', '', '', NULL),
(180, 0, 'mirinda fruity', 0, 0, 0, '2015-06-14', '', '', NULL),
(181, 0, 'novida', 0, 0, 0, '2015-06-14', '', '', NULL),
(182, 0, 'passion', 0, 0, 0, '2015-06-14', '', '', NULL),
(183, 0, 'lime', 0, 0, 0, '2015-06-14', '', '', NULL),
(184, 0, 'masala', 0, 0, 0, '2015-06-14', '', '', NULL),
(185, 0, 'tea', 0, 0, 0, '2015-06-14', '', '', NULL),
(186, 0, 'chocolate', 0, 0, 0, '2015-06-14', '', '', NULL),
(187, 0, 'coffee', 0, 0, 0, '2015-06-14', '', '', NULL),
(188, 0, 'mango', 0, 0, 0, '2015-06-14', '', '', NULL),
(189, 0, 'hot pepper', 0, 0, 0, '2015-06-17', '', '', NULL),
(190, 0, 'curry leaves', 0, 0, 0, '2015-06-18', '', '', NULL),
(191, 0, 'lentil', 0, 0, 0, '2015-06-18', '', '', NULL),
(192, 0, 'black lentils', 0, 0, 0, '2015-06-18', '', '', NULL),
(193, 0, 'spring rolls', 0, 0, 0, '2015-06-18', '', '', NULL),
(194, 0, 'assorted fruits', 0, 0, 0, '2015-06-18', '', '', NULL),
(195, 0, 'waffles', 0, 0, 0, '2015-06-18', '', '', NULL),
(196, 0, 'oatmeal', 0, 0, 0, '2015-06-18', '', '', NULL),
(197, 0, 'deep fried irish', 0, 0, 0, '2015-06-18', '', '', NULL),
(198, 0, 'butter nut', 0, 0, 0, '2015-06-18', '', '', NULL),
(199, 0, 'roasted garlic', 0, 0, 0, '2015-06-18', '', '', NULL),
(200, 0, 'pepper sauce', 0, 0, 0, '2015-06-19', '', '', NULL),
(201, 0, 'cafe 16 herbs', 0, 0, 0, '2015-06-19', '', '', NULL),
(202, 0, 'chapati', 0, 0, 0, '2015-06-20', '', '', NULL),
(203, 0, 'chedder cheese', 0, 0, 0, '2015-06-20', '', '', NULL),
(204, 0, 'red pepper', 0, 0, 0, '2015-06-20', '', '', NULL),
(205, 0, 'red sauce', 0, 0, 0, '2015-06-20', '', '', NULL),
(206, 0, 'beer', 0, 0, 0, '2015-06-21', '', '', NULL),
(207, 0, 'wine', 0, 0, 0, '2015-06-21', '', '', NULL),
(208, 0, 'whisky', 0, 0, 0, '2015-06-21', '', '', NULL),
(209, 0, 'rum', 0, 0, 0, '2015-06-21', '', '', NULL),
(210, 0, 'tequila', 0, 0, 0, '2015-06-22', '', '', NULL),
(211, 0, 'brandy', 0, 0, 0, '2015-06-22', '', '', NULL),
(212, 0, 'liquer', 0, 0, 0, '2015-06-22', '', '', NULL),
(213, 0, 'tennesse whisky', 0, 0, 0, '2015-06-22', '', '', NULL),
(214, 0, 'single malt', 0, 0, 0, '2015-06-22', '', '', NULL),
(215, 0, 'ramu vodka', 0, 0, 0, '2015-10-15', '', '', 'bar'),
(216, 0, 'Orange', 0, 0, 0, '2015-10-15', '', '', NULL),
(217, 0, 'Watermelon', 0, 0, 0, '2015-10-15', '', '', NULL),
(218, 0, 'test', 0, 0, 0, '2015-10-16', '', '', 'bar'),
(219, 0, 'soda ', 0, 0, 0, '2015-10-16', '', '', 'bar'),
(220, 0, 'test_bar', 0, 0, 0, '2015-10-19', '', '', 'bar'),
(221, 0, 'soda', 0, 0, 0, '2015-10-19', '', '', 'bar'),
(222, 0, 'Bacardi vodka', 0, 0, 0, '2015-10-19', '', '', 'bar'),
(223, 0, '.water', 0, 0, 0, '2015-10-20', '', '', 'bar'),
(224, 0, 'soda vodka', 0, 0, 0, '2015-10-21', '', '', 'bar'),
(225, 0, 'soda', 0, 0, 0, '2015-10-21', '', '', 'bar'),
(226, 0, 'SODA', 0, 0, 0, '2015-10-22', '', '', 'bar'),
(227, 0, 'fresh lime soda', 0, 0, 0, '2015-10-25', '', '', 'bar'),
(228, 0, 'Lassi (Sweet/Salty)', 0, 0, 0, '2015-10-25', '', '', 'bar'),
(229, 0, 'red bull', 0, 0, 0, '2015-10-25', '', '', 'bar'),
(230, 0, 'passion juice\\ pineapple', 0, 0, 0, '2015-10-25', '', '', 'bar'),
(231, 0, 'Orange Juice', 0, 0, 0, '2015-10-25', '', '', 'bar'),
(232, 0, 'Watermelon Juice', 0, 0, 0, '2015-10-25', '', '', 'bar'),
(233, 0, 'Cocktail Juice', 0, 0, 0, '2015-10-25', '', '', 'bar'),
(234, 0, 'African tea', 0, 0, 0, '2015-10-25', '', '', 'bar'),
(235, 0, 'Indian Masala Tea', 0, 0, 0, '2015-10-25', '', '', 'bar'),
(236, 0, 'Dawa', 0, 0, 0, '2015-10-25', '', '', 'bar'),
(237, 0, 'Green tea', 0, 0, 0, '2015-10-25', '', '', 'bar'),
(238, 0, 'English tea', 0, 0, 0, '2015-10-25', '', '', 'bar'),
(239, 0, 'Black Tea', 0, 0, 0, '2015-10-25', '', '', 'bar'),
(240, 0, 'Herbal Tea', 0, 0, 0, '2015-10-25', '', '', 'bar'),
(241, 0, 'Lemon Tea', 0, 0, 0, '2015-10-25', '', '', 'bar'),
(242, 0, 'Chai Latte', 0, 0, 0, '2015-10-25', '', '', 'bar'),
(243, 0, 'hot Choclate, Black/White', 0, 0, 0, '2015-10-25', '', '', 'bar'),
(244, 0, 'affogatto', 0, 0, 0, '2015-10-25', '', '', 'bar'),
(245, 0, 'iced mocha', 0, 0, 0, '2015-10-25', '', '', 'bar'),
(246, 0, 'iced coffee', 0, 0, 0, '2015-10-25', '', '', 'bar'),
(247, 0, 'iced latte', 0, 0, 0, '2015-10-25', '', '', 'bar'),
(248, 0, 'iced americano', 0, 0, 0, '2015-10-25', '', '', 'bar'),
(249, 0, 'iced tea', 0, 0, 0, '2015-10-25', '', '', 'bar'),
(250, 0, 'espresso single', 0, 0, 0, '2015-10-25', '', '', 'bar'),
(251, 0, 'espresso double', 0, 0, 0, '2015-10-25', '', '', 'bar'),
(252, 0, 'cappucino single', 0, 0, 0, '2015-10-25', '', '', 'bar'),
(253, 0, 'cappucino double', 0, 0, 0, '2015-10-25', '', '', 'bar'),
(254, 0, 'cafe latte single', 0, 0, 0, '2015-10-25', '', '', 'bar'),
(255, 0, 'cafe latte double', 0, 0, 0, '2015-10-25', '', '', 'bar'),
(256, 0, 'cafe mocha', 0, 0, 0, '2015-10-25', '', '', 'bar'),
(257, 0, 'macchiatto double', 0, 0, 0, '2015-10-25', '', '', 'bar'),
(258, 0, 'macchiatto double', 0, 0, 0, '2015-10-25', '', '', 'bar'),
(259, 0, 'black coffee', 0, 0, 0, '2015-11-03', '', '', 'bar'),
(260, 0, 'strawberry blast', 0, 0, 0, '2016-01-30', '', '', 'bar');

-- --------------------------------------------------------

--
-- Table structure for table `ingr_available`
--

CREATE TABLE IF NOT EXISTS `ingr_available` (
  `id` int(20) NOT NULL AUTO_INCREMENT,
  `ingr_id` int(20) NOT NULL,
  `quantity` int(20) NOT NULL,
  PRIMARY KEY (`id`)
) ENGINE=InnoDB  DEFAULT CHARSET=latin1 AUTO_INCREMENT=239 ;

--
-- Dumping data for table `ingr_available`
--

INSERT INTO `ingr_available` (`id`, `ingr_id`, `quantity`) VALUES
(48, 68, 0),
(49, 70, 0),
(50, 70, 0),
(51, 70, 0),
(52, 71, 0),
(53, 72, 0),
(54, 140, 0),
(55, 158, 0),
(56, 62, 0),
(57, 53, 0),
(58, 69, 0),
(59, 69, 0),
(60, 85, 0),
(61, 85, 0),
(62, 85, 0),
(63, 85, 0),
(64, 69, 0),
(65, 191, 0),
(66, 192, 0),
(67, 194, 0),
(68, 195, 0),
(69, 196, 0),
(70, 197, 0),
(71, 198, 0),
(72, 199, 0),
(73, 200, 0),
(74, 201, 0),
(75, 202, 0),
(76, 203, 0),
(77, 204, 0),
(78, 205, 0),
(79, 206, 0),
(80, 207, 0),
(81, 208, 0),
(82, 209, 0),
(83, 210, 0),
(84, 211, 0),
(85, 212, 0),
(86, 213, 0),
(87, 214, 0),
(88, 215, 0),
(89, 216, 0),
(90, 217, 0),
(91, 218, 0),
(92, 219, 0),
(93, 220, 0),
(94, 221, 0),
(95, 222, 0),
(96, 223, 0),
(97, 224, 0),
(98, 225, 0),
(99, 226, 0),
(100, 227, 0),
(101, 228, 0),
(102, 229, 0),
(103, 230, 0),
(104, 231, 0),
(105, 232, 0),
(106, 233, 0),
(107, 234, 0),
(108, 235, 0),
(109, 236, 0),
(110, 237, 0),
(111, 238, 0),
(112, 239, 0),
(113, 240, 0),
(114, 241, 0),
(115, 242, 0),
(116, 243, 0),
(117, 244, 0),
(118, 245, 0),
(119, 246, 0),
(120, 247, 0),
(121, 248, 0),
(122, 249, 0),
(123, 250, 0),
(124, 251, 0),
(125, 252, 0),
(126, 253, 0),
(127, 254, 0),
(128, 255, 0),
(129, 256, 0),
(130, 257, 0),
(131, 258, 0),
(132, 259, 0),
(133, 260, 0),
(134, 261, 0),
(135, 262, 0),
(136, 263, 0),
(137, 264, 0),
(138, 265, 0),
(139, 266, 0),
(140, 267, 0),
(141, 268, 0),
(142, 269, 0),
(143, 270, 0),
(144, 271, 0),
(145, 272, 0),
(146, 273, 0),
(147, 274, 0),
(148, 275, 0),
(149, 276, 0),
(150, 277, 0),
(151, 278, 0),
(152, 279, 0),
(153, 280, 0),
(154, 281, 0),
(155, 282, 0),
(156, 283, 0),
(157, 284, 0),
(158, 285, 0),
(159, 286, 0),
(160, 287, 0),
(161, 288, 0),
(162, 289, 0),
(163, 290, 0),
(164, 291, 0),
(165, 292, 0),
(166, 293, 0),
(167, 294, 0),
(168, 295, 0),
(169, 296, 0),
(170, 297, 0),
(171, 298, 0),
(172, 299, 0),
(173, 300, 0),
(174, 301, 0),
(175, 302, 0),
(176, 303, 0),
(177, 304, 0),
(178, 305, 0),
(179, 306, 0),
(180, 307, 0),
(181, 308, 0),
(182, 309, 0),
(183, 310, 0),
(184, 311, 0),
(185, 312, 0),
(186, 313, 0),
(187, 314, 0),
(188, 315, 0),
(189, 316, 0),
(190, 317, 0),
(191, 318, 0),
(192, 319, 0),
(193, 320, 0),
(194, 321, 0),
(195, 322, 0),
(196, 323, 0),
(197, 324, 0),
(198, 325, 0),
(199, 326, 0),
(200, 327, 0),
(201, 328, 0),
(202, 329, 0),
(203, 330, 0),
(204, 331, 0),
(205, 2, 0),
(206, 3, 0),
(207, 4, 0),
(208, 5, 0),
(209, 6, 0),
(210, 7, 0),
(211, 8, 0),
(212, 9, 0),
(213, 10, 0),
(214, 11, 0),
(215, 12, 0),
(216, 13, 0),
(217, 14, 0),
(218, 15, 0),
(219, 16, 0),
(220, 17, 0),
(221, 18, 0),
(222, 19, 0),
(223, 20, 0),
(224, 21, 0),
(225, 22, 0),
(226, 23, 0),
(227, 24, 0),
(228, 25, 0),
(229, 26, 0),
(230, 27, 0),
(231, 28, 0),
(232, 29, 0),
(233, 30, 0),
(234, 31, 0),
(235, 32, 0),
(236, 33, 0),
(237, 34, 0),
(238, 35, 0);

-- --------------------------------------------------------

--
-- Table structure for table `menuitem`
--

CREATE TABLE IF NOT EXISTS `menuitem` (
  `id` int(11) NOT NULL AUTO_INCREMENT,
  `price` float NOT NULL,
  `name` varchar(64) NOT NULL,
  `item_no` int(11) DEFAULT NULL,
  `description` text NOT NULL,
  `type` int(11) NOT NULL,
  `calories` int(11) NOT NULL DEFAULT '500',
  `available` tinyint(1) NOT NULL DEFAULT '1',
  `picturepath` varchar(128) NOT NULL,
  `keywords` varchar(128) DEFAULT NULL,
  `item_id` int(11) DEFAULT NULL,
  `featured_item` int(10) NOT NULL,
  `rating` int(10) NOT NULL,
  `category` varchar(255) DEFAULT NULL,
  `res_category` varchar(255) DEFAULT NULL,
  PRIMARY KEY (`id`)
) ENGINE=InnoDB  DEFAULT CHARSET=latin1 AUTO_INCREMENT=534 ;

--
-- Dumping data for table `menuitem`
--

INSERT INTO `menuitem` (`id`, `price`, `name`, `item_no`, `description`, `type`, `calories`, `available`, `picturepath`, `keywords`, `item_id`, `featured_item`, `rating`, `category`, `res_category`) VALUES
(82, 10000, 'Cream of Manchow Soup', 203, 'An Indian-chinese soup, a flavorful blend of\r\nvegetables', 0, 0, 1, '82.jpg', NULL, 0, 0, 0, 'bar', 'bar'),
(170, 10000, 'Roasted Garlic and Butternut Soup', 202, 'Cream/ Butternut', 0, 0, 1, '170.jpg', NULL, 0, 0, 0, 'bar', 'bar'),
(171, 23500, 'Holloumi salad', 205, 'Grilled Halloumi cheese eith lett, onions, green peppers, tomatoes, olive oil and black olives.', 0, 0, 1, '171.jpg', NULL, 0, 0, 0, 'bar', 'bar'),
(176, 18000, 'stuffed paratha', 71, 'indian spicy', 25, 122, 1, '', 'Cucumber Slices', 25, 0, 0, 'restro', 'BH'),
(177, 27000, 'Vegiterian Biryani', 1, 'The most exotic dum rice cooked slowly and its hand crafted excellence', 38, 0, 1, '', 'Cherriess', 38, 0, 0, 'restro', 'BH'),
(178, 27000, 'egg biryani', 2, 'biryani', 38, 0, 1, '', 'rice,Egg', 38, 0, 0, 'restro', 'BH'),
(179, 27000, 'chicken biryani', 3, 'biryani', 38, 0, 1, '', 'rice,Chicken', 38, 0, 0, 'restro', 'BH'),
(180, 27000, 'mutton biryani', 4, 'biryani', 38, 0, 1, '', 'rice,Mutton', 38, 0, 0, 'restro', 'BH'),
(181, 27000, 'fish biryani', 5, 'biryani', 38, 0, 1, '', 'rice,Fish', 38, 0, 0, 'restro', 'BH'),
(182, 2500, 'extra salan & raita', 6, 'salan & raita', 38, 0, 1, '', 'onions,yogurt,cucumber', 38, 0, 0, 'restro', 'BH'),
(183, 9500, 'vegeterian manchow soup', 7, 'soup', 21, 0, 1, '183.jpg', 'vegetables', 21, 0, 0, 'restro', 'BH'),
(184, 9500, 'chicken manchow soup', 8, 'soup', 21, 0, 1, '184.jpg', 'Chicken,spices', 21, 0, 0, 'restro', 'BH'),
(185, 4000, 'green salad', 9, 'salad', 39, 0, 1, '185.jpg', 'vegetables', 39, 0, 0, 'restro', 'BH'),
(186, 2500, 'plain roasted papad', 10, 'starter', 7, 0, 1, '', 'crisp', 7, 0, 0, 'restro', 'BH'),
(187, 5000, 'masala papad', 11, 'starter', 7, 0, 1, '', 'onions,Tomatoes,crisp', 7, 0, 0, 'restro', 'BH'),
(188, 12000, 'spring rolls', 12, 'starter', 0, 0, 1, '', NULL, 0, 0, 0, 'bar', 'bar'),
(189, 8000, 'french fries', 13, 'starter', 0, 0, 1, '', NULL, 0, 0, 0, 'bar', 'bar'),
(190, 15000, 'vegetable bullets', 14, 'starter', 7, 0, 1, '', 'vegetables', 7, 0, 0, 'restro', 'BH'),
(191, 16000, 'vegetable manchurian', 15, 'starter', 7, 0, 1, '', 'vegetables', 7, 0, 0, 'restro', 'BH'),
(192, 18000, 'honey fried cauliflower / chips', 16, 'starter', 7, 0, 1, '', 'cauliflower,irish potatoes', 7, 0, 0, 'restro', 'BH'),
(193, 18000, 'chilli paneer', 17, 'starter', 7, 0, 1, '', 'paneer,chilli', 7, 0, 0, 'restro', 'BH'),
(194, 19000, 'chilli chicken', 18, 'starter', 7, 0, 1, '', 'chilli,Chicken', 7, 0, 0, 'restro', 'BH'),
(195, 18000, 'chicken 65', 19, 'starter', 7, 0, 1, '', 'Chicken', 7, 0, 0, 'restro', 'BH'),
(196, 18000, 'chicken drumsticks', 20, 'starter', 7, 0, 1, '', 'Chicken', 7, 0, 0, 'restro', 'BH'),
(197, 18000, 'pepper chicken', 21, 'starter', 7, 0, 1, '', 'Chicken,hot pepper', 7, 0, 0, 'restro', 'BH'),
(198, 19000, 'apollo fish', 22, 'starter', 7, 0, 1, '', 'Fish,spices', 7, 0, 0, 'restro', 'BH'),
(199, 19000, 'fish amristari', 23, 'starter', 7, 0, 1, '', 'Lemon Juice,Fish,spices', 7, 0, 0, 'restro', 'BH'),
(200, 19500, 'mutton 65', 24, 'starter', 7, 0, 1, '', 'Mutton,onions,Tomatoes,spices', 7, 0, 0, 'restro', 'BH'),
(201, 18000, 'paneer tikka kebab', 25, 'kebab', 23, 0, 1, '', 'paneer,onions,Tomatoes,capsicum,yogurt', 23, 0, 0, 'restro', 'BH'),
(202, 18000, 'hara bhara kebab veg', 26, 'kebab', 23, 0, 1, '', 'irish potatoes,spinach,green peas', 23, 0, 0, 'restro', 'restro'),
(203, 32000, 'mixed vegetable platter', 27, 'kebab', 23, 0, 1, '', 'vegetables', 23, 0, 0, 'restro', 'BH'),
(204, 22000, 'tandoori mugh half', 28, 'tandoori', 23, 0, 1, '', 'Chicken', 23, 0, 0, 'restro', 'BH'),
(205, 37000, 'tandoori mugh full', 29, 'tandoori', 23, 0, 1, '', 'Chicken,spices', 23, 0, 0, 'restro', 'BH'),
(207, 19000, 'reshmi kebab', 31, 'tandoori', 23, 0, 1, '', 'Chicken,spices', 23, 0, 0, 'restro', 'BH'),
(208, 19000, 'murgh tikka', 32, 'tandoori', 23, 0, 1, '', 'Chicken', 23, 0, 0, 'restro', 'BH'),
(209, 19000, 'Tangdi Kebab', 33, 'Tandoor', 23, 0, 1, '', 'Chicken,spices,yogurt,cream', 23, 0, 0, 'restro', 'BH'),
(210, 19000, 'Irani Kebab', 34, 'Tandoor', 23, 0, 1, '', 'Chicken,cream,cheese', 23, 0, 0, 'restro', 'restro'),
(211, 20000, 'Fish Tikka', 35, 'Tandoor', 23, 0, 1, '', 'Fish,spices', 23, 0, 0, 'restro', 'BH'),
(212, 45000, 'Non- vegetarian platter', 36, 'Tandoor', 23, 0, 1, '', 'Chicken,spices', 23, 0, 0, 'restro', 'BH'),
(213, 22000, 'Nizami Handi', 37, 'vegetable curry', 24, 0, 1, '', 'vegetables,spices', 24, 0, 0, 'restro', 'BH'),
(214, 22000, 'Bagara Baigan', 38, 'Vegetable curry', 24, 0, 1, '', 'vegetables,tamarind', 24, 0, 0, 'restro', 'BH'),
(215, 22000, 'Paneer Butter Masala', 39, 'Vegetable curry', 24, 0, 1, '', 'paneer,Tomatoes,spices,cream', 24, 0, 0, 'restro', 'BH'),
(216, 22000, 'Kadhai Paneer', 40, 'Vegetable curry', 24, 0, 1, '', 'paneer,Almond,pistachio,green paper', 24, 0, 0, 'restro', 'BH'),
(217, 22000, 'palak Paneer', 41, 'Vegetable curry', 24, 0, 1, '', 'paneer,spinach', 24, 0, 0, 'restro', 'BH'),
(218, 22000, 'Kadhai Vegetable', 42, 'Vegetable curry', 24, 0, 1, '', 'vegetables,Tomatoes', 24, 0, 0, 'restro', 'BH'),
(219, 22000, 'Vegetable Malai Kofta', 43, 'Vegetable curry', 24, 0, 1, '', 'paneer,flour,vegetables,Tomatoes,kofta balls', 24, 0, 0, 'restro', 'BH'),
(220, 24000, 'Andhra chicken curry', 44, 'Chicken curry', 24, 0, 1, '', 'Chicken,curry leaves', 24, 0, 0, 'restro', 'BH'),
(221, 24000, 'Chicken Musalam', 45, 'Chicken curry', 24, 0, 1, '', 'onions,Tomatoes,Chicken,cheese', 24, 0, 0, 'restro', 'BH'),
(222, 24000, 'Chicken Chat pata', 46, 'Chicken curry', 24, 0, 1, '', 'Chicken,spices', 24, 0, 0, 'restro', 'BH'),
(223, 24000, 'Chicken butter masala', 47, 'chicken curry', 24, 0, 1, '', 'Chicken,spices,yogurt', 24, 0, 0, 'restro', 'BH'),
(224, 24000, 'kadhai chicken', 48, 'chicken curry', 24, 0, 1, '', 'Almond,Chicken,pistachio,green paper', 24, 0, 0, 'restro', 'BH'),
(225, 24000, 'chicken kholapuri', 49, 'chicken curry', 24, 0, 1, '', 'Chicken,spices', 24, 0, 0, 'restro', 'BH'),
(226, 24000, 'chicken iguru', 50, 'chicken curry', 24, 0, 1, '', 'Tomatoes,Chicken,spices,green paper', 24, 0, 0, 'restro', 'BH'),
(227, 25000, 'gosht nazakat', 51, 'goat meat curry', 24, 0, 1, '', 'Dal,Mutton,pumpkin,cinnamon', 24, 0, 0, 'restro', 'BH'),
(228, 25000, 'kheema mutter', 52, 'goat meat curry', 24, 0, 1, '', 'Mutton,onions,Tomatoes,green peas', 24, 0, 0, 'restro', 'BH'),
(230, 25000, 'achari gosht', 53, 'goat meat curry', 24, 0, 1, '', 'Mutton,onions,tangy pickle,cashew nut', 24, 0, 0, 'restro', 'BH'),
(231, 25000, 'mutton rojan josh', 54, 'goat meat curry', 24, 0, 1, '', 'Mutton,onions,Tomatoes,spices,cashew nut', 24, 0, 0, 'restro', 'BH'),
(232, 25000, 'hyderabadi gosht ka korma', 55, 'goat meat curry', 24, 0, 1, '', 'Mutton,spices,yogurt,cashew nut', 24, 0, 0, 'restro', 'BH'),
(233, 25000, 'bengali fish curry', 56, 'fish curry', 24, 0, 1, '', 'Fish,cauliflower,irish potatoes', 24, 0, 0, 'restro', 'BH'),
(234, 25000, 'fish masala curry', 57, 'fish curry', 24, 0, 1, '', 'Almond,spices,pistachio,cashew nut', 24, 0, 0, 'restro', 'BH'),
(235, 20000, 'khatti dal', 58, 'dal curry', 24, 0, 1, '', 'Dal,onions,Tomatoes,spices', 24, 0, 0, 'restro', 'BH'),
(236, 20000, 'Dal makhani', 59, 'Dal curry', 24, 0, 1, '', 'onions,Tomatoes,spices,Red kidney beans,black lentils', 24, 0, 0, 'restro', 'BH'),
(237, 20000, 'Lahsooni Dal Tadka', 60, 'Dal curry', 24, 0, 1, '', 'Garlic,onions,moong dal,cumin', 24, 0, 0, 'restro', 'BH'),
(238, 5000, 'Tandoori Roti', 61, 'Naan', 25, 0, 1, '', 'flour,Egg,sugar,milk,salt', 25, 0, 0, 'restro', 'BH'),
(239, 5000, 'Roomali Roti', 62, 'Naan', 25, 0, 1, '', 'flour,sugar,milk,salt', 25, 0, 0, 'restro', 'BH'),
(240, 5000, 'Plain Naan', 63, 'Naan', 25, 0, 1, '', 'flour,Egg,sugar,milk,salt', 25, 0, 0, 'restro', 'BH'),
(241, 6000, 'Butter Naan', 64, 'Naan', 25, 2, 1, '', 'Butter,flour,Egg,sugar,milk,salt', 25, 0, 0, 'restro', 'BH'),
(242, 7500, 'cheese garlic naan', 65, 'Naan', 25, 2, 1, '', 'flour,sugar,cheese,milk,salt', 25, 0, 0, 'restro', 'BH'),
(243, 7500, 'Cheese chilli garlic naan', 66, 'Naan', 25, 4, 1, '', 'Garlic,flour,cheese,milk,salt', 25, 0, 0, 'restro', 'BH'),
(244, 7500, 'Cheese naan', 67, 'Naan', 25, 3, 1, '', 'flour,Egg,cheese,milk', 25, 0, 0, 'restro', 'BH'),
(245, 6500, 'Garlic naan', 68, 'Naan', 25, 0, 1, '', 'Butter,Garlic,flour,milk', 25, 0, 0, 'restro', 'BH'),
(246, 7000, 'Peshwari Naan', 69, 'Naan', 25, 0, 1, '', 'Almond,flour,sultanas,milk', 25, 0, 0, 'restro', 'BH'),
(247, 7000, 'Masala Kulcha', 70, 'Naan', 25, 1, 1, '', 'Potatoes,flour,mild spices', 25, 0, 0, 'restro', 'BH'),
(249, 20000, 'Vegetarian fried rice', 72, 'Rice', 25, 2, 1, '', 'rice,vegetables,green peas', 25, 0, 0, 'restro', 'BH'),
(250, 20000, 'Egg fried rice', 73, 'Rice', 25, 1, 1, '', 'rice,Egg,vegetables,salt', 25, 0, 0, 'restro', 'BH'),
(251, 20000, 'Chicken fried rice', 74, 'Rice', 25, 2, 1, '', 'rice,vegetables,Chicken,spices', 25, 0, 0, 'restro', 'BH'),
(252, 19000, 'Vegetable pulao', 75, 'Rice', 25, 2, 1, '', 'paneer,rice,vegetables,mild spices', 25, 0, 0, 'restro', 'BH'),
(253, 20000, 'Kheema Pulao', 76, 'Rice', 25, 1, 1, '', 'rice,Mutton,mild spices', 25, 0, 0, 'restro', 'BH'),
(254, 9000, 'Plain steamed rice', 77, 'Rice', 25, 0, 1, '', 'rice', 25, 0, 0, 'restro', 'BH'),
(255, 9000, 'Zeera Rice', 78, 'Rice', 25, 0, 1, '', 'rice,cumin,salt', 25, 0, 0, 'restro', 'BH'),
(256, 9000, 'Bagara Rice', 79, 'Rice', 25, 1, 1, '', 'rice,chilli,mild spices,corriader', 25, 0, 0, 'restro', 'BH'),
(257, 20000, 'Vegetarian Noodles', 80, 'Noodles', 25, 1, 1, '', 'Chinese noodles,vegetables,mild spices', 25, 0, 0, 'restro', 'BH'),
(258, 20000, 'Egg Noodles', 81, 'Noodles', 25, 2, 1, '', 'Chinese noodles,Egg,vegetables,mild spices', 25, 0, 0, 'restro', 'BH'),
(259, 20000, 'Chicken Noodles', 82, 'Noodles', 25, 2, 1, '', 'Chinese noodles,Cabbage,Chicken,mild spices', 25, 0, 0, 'restro', 'BH'),
(260, 20000, 'English breakfast', 250, 'Breakfast', 0, 0, 1, '', NULL, 0, 0, 0, 'bar', 'bar'),
(261, 17000, 'Continental Breakfast', 251, 'Breakfast', 0, 0, 1, '', NULL, 0, 0, 0, 'bar', 'bar'),
(262, 14000, 'Breakfast Eggs', 252, 'Breakfast', 44, 0, 1, '', 'Butter,2 eggs,toast,jam', 44, 0, 0, 'restro', 'CS'),
(263, 16000, 'Hash Brown Veg Suprise', 253, 'Breakfast', 0, 0, 1, '', NULL, 0, 0, 0, 'bar', 'bar'),
(264, 15000, 'Cafe one six healthy breakfast', 254, 'Breakfast', 0, 0, 1, '', NULL, 0, 0, 0, 'bar', 'bar'),
(265, 5000, 'A pair of Vegetable samosa', 255, 'Breakfast', 0, 0, 1, '', NULL, 0, 0, 0, 'bar', 'bar'),
(266, 6000, 'A pair of vegetable spring rolls', 256, 'Breakfast', 44, 1, 1, '', 'Cabbage,vegetables,mild spices', 44, 0, 0, 'restro', 'CS'),
(267, 13000, 'English pan cake served with Fruits', 257, 'Breakfast', 44, 0, 1, '', 'mini pancake,assorted fruits', 44, 0, 0, 'restro', 'CS'),
(268, 16000, 'Belgium waffles served with fruits', 258, 'Breakfast', 44, 0, 1, '', 'Honey,assorted fruits,waffles', 44, 0, 0, 'restro', 'CS'),
(269, 10000, 'Fruits Salad', 259, 'Breakfast', 0, 0, 1, '', NULL, 0, 0, 0, 'bar', 'bar'),
(270, 12000, 'House special home fries', 260, 'Breakfast', 44, 4, 1, '', 'onions,spices,toast,deep fried irish', 44, 0, 0, 'restro', 'CS'),
(271, 8000, 'French Toast', 261, 'breakfast', 44, 0, 1, '', 'Egg,mild spices,toast', 44, 0, 0, 'restro', 'CS'),
(272, 8000, 'Bowl of Oatmeal', 262, 'Breakfast', 44, 0, 1, '', 'mild spices,oatmeal', 44, 0, 0, 'restro', 'CS'),
(273, 12000, 'Sprout Salad', 263, 'Breakfast', 44, 1, 1, '273.jpg', 'spices,mixed gerden salads', 44, 0, 0, 'restro', 'CS'),
(274, 2500, 'Extra mushroom, eggs,cheese,toast', 264, 'Breakfast', 44, 0, 1, '', 'Egg,cheese,mushrooms,toast', 44, 0, 0, 'restro', 'CS'),
(275, 10000, 'Cream of Tomato Basil soup', 201, 'Soup', 0, 0, 1, '275.jpg', NULL, 0, 0, 0, 'bar', 'bar'),
(276, 10000, 'Roasted Garlic and Butternut Soup', 202, 'Soup', 21, 0, 1, '', 'cream,mild spices,butter nut,roasted garlic', 21, 0, 0, 'restro', 'CS'),
(277, 10000, 'Cream of Mashroom Soup', 0, 'Soup', 21, 0, 1, '277.jpg', 'Butter,cream,mushroom sauce,mushrooms,milk,bread', 21, 0, 0, 'bar', '0'),
(279, 17000, 'Vegetable Burger', 210, 'Burgers', 0, 0, 1, '', NULL, 0, 0, 0, 'bar', 'bar'),
(280, 21000, 'Chicken Burger', 211, 'Burger', 40, 2, 1, '', 'Mayonnaise,Lettuce,onions,Tomatoes,chips,Chicken,continental salad', 40, 0, 0, 'restro', 'CS'),
(281, 22500, 'BBQ chicken burger', 212, 'Burger', 40, 1, 1, '', 'Mayonnaise,Lettuce,onions,Tomatoes,Chicken,bbq sauce', 40, 0, 0, 'restro', 'CS'),
(282, 20000, 'Chef''s Signature Burger', 213, 'Burger', 40, 1, 1, '', 'Mayonnaise,Lettuce,vegetables,onions,Tomatoes,Chicken,boiled eggs', 40, 0, 0, 'restro', 'CS'),
(283, 3500, 'extra cheese, eggs, chicken', 214, 'burger', 40, 0, 1, '', 'Egg,Chicken,cheese', 40, 0, 0, 'restro', 'CS'),
(284, 23500, 'halloymi salad', 205, 'salad', 39, 0, 1, '284.jpg', 'Black Olives,Lettuce,onions,Tomatoes,green paper,halloumi cheese,olive oil', 39, 0, 0, 'restro', 'CS'),
(285, 20000, 'greek salad', 206, 'salad', 39, 0, 1, '285.jpg', 'Black Olives,Oregano,onions,Tomatoes,green paper,olive oil,bell peppers,cucumber,feta cheese', 39, 0, 0, 'restro', 'CS'),
(286, 22000, 'chef''s special salad', 207, 'salad', 39, 0, 1, '286.jpg', 'Chicken,boiled eggs', 39, 0, 0, 'restro', 'CS'),
(287, 22500, 'Chicken Hawaii salad', 208, 'salad', 39, 0, 1, '287.jpg', 'Mayonnaise,Pineapple,Cabbage,Chicken', 39, 0, 0, 'restro', 'CS'),
(288, 24500, 'tuna salad', 209, 'salad', 39, 0, 1, '288.jpg', 'Mayonnaise,Lettuce,onions,Tomatoes,green paper,tuna fish', 39, 0, 0, 'restro', 'CS'),
(289, 15000, 'vegetable sandwich', 215, 'sandwich', 40, 0, 1, '', 'Lettuce,onions,Tomatoes,chips,avacados', 40, 0, 0, 'restro', 'CS'),
(290, 18000, 'tuna sandwich', 216, 'sandwich', 40, 0, 1, '', 'Mayonnaise,Lettuce,onions,Tomatoes,chips,tuna fish,celery', 40, 0, 0, 'restro', 'CS'),
(291, 20000, 'chicken sandwich', 217, 'sandwich', 40, 0, 1, '', 'Mayonnaise,Lettuce,onions,Tomatoes,chips,cucumber,celery', 40, 0, 0, 'restro', 'CS'),
(292, 22000, 'club house sandwich', 218, 'sandwich', 0, 0, 1, '292.jpg', NULL, 0, 0, 0, 'bar', 'bar'),
(293, 21000, 'vegetable stew', 219, 'main dish', 46, 0, 1, '', 'vegetables,cream', 46, 0, 0, 'restro', 'CS'),
(294, 22000, 'pepper chicken', 220, 'main dish', 46, 0, 1, '', 'Chicken,african spices,pepper sauce', 46, 0, 0, 'restro', 'CS'),
(295, 24000, 'tilapia fillet', 221, 'main dish', 46, 0, 1, '', 'spices,tilapia,cafe 16 herbs', 46, 0, 0, 'restro', 'CS'),
(296, 29000, 'lamb chops', 222, 'main dish', 46, 0, 1, '', 'lamb chops,cafe 16 herbs', 46, 0, 0, 'restro', 'CS'),
(297, 22000, 'chicken skewer', 223, 'main dish', 46, 0, 1, '', 'Chicken,spices,cafe 16 herbs', 46, 0, 0, 'restro', 'CS'),
(298, 26000, 'grilled kalamari', 224, 'main dish', 46, 0, 1, '', 'kalamari see food', 46, 0, 0, 'restro', 'CS'),
(299, 24000, 'fish in english style', 225, 'main dish', 46, 0, 1, '', 'Butter,Fish,spices', 46, 0, 0, 'restro', 'CS'),
(300, 25000, 'grilled mushroom chicken breast', 226, 'main dish', 46, 0, 1, '', 'Chicken,spices,mushroom sauce,cafe 16 herbs', 46, 0, 0, 'restro', 'CS'),
(301, 27000, 'peanut chicken', 227, 'main dish', 46, 0, 1, '', 'Chicken,peanut sauce', 46, 0, 0, 'restro', 'CS'),
(302, 25000, 'stir fried chicken', 228, 'main dish', 46, 0, 1, '', 'vegetables,Chicken,spices', 46, 0, 0, 'restro', 'CS'),
(303, 27000, 'coconut chicken curry', 239, 'main dish', 46, 0, 1, '', 'Chicken,spices,coconut sauce', 46, 0, 0, 'restro', 'CS'),
(304, 15000, 'vegetable wrap', 229, 'wrap', 41, 0, 1, '', 'corriader,chapati,chedder cheese', 41, 0, 0, 'restro', 'CS'),
(305, 15000, 'egg wrap', 230, 'wrap', 41, 0, 1, '', 'Egg,chapati', 41, 0, 0, 'restro', 'CS'),
(306, 20000, 'chicken wrap', 231, 'wrap', 41, 0, 1, '', 'Chicken', 41, 0, 0, 'restro', 'CS'),
(307, 22000, 'chicken quesadilla', 232, 'wrap', 41, 0, 1, '', 'Chicken,chedder cheese', 41, 0, 0, 'restro', 'CS'),
(308, 19000, 'mushroom penne', 233, 'pasta', 41, 0, 1, '', 'penne pasta,parmesan cheese,mushrooms', 41, 0, 0, 'restro', 'CS'),
(309, 20000, 'penne arabita', 234, 'pasta', 41, 0, 1, '', 'Black Olives,chilli,penne pasta,parmesan cheese,red pepper,red sauce', 41, 0, 0, 'restro', 'CS'),
(310, 20000, 'lenguine pesto', 235, 'pasta', 41, 0, 1, '', 'cream,lenguine pasta', 41, 0, 0, 'restro', 'CS'),
(311, 22000, 'chicken pesto', 236, 'pasta', 41, 0, 1, '', 'cream,penne pasta', 41, 0, 0, 'restro', 'CS'),
(312, 6000, 'chicken/cheese', 237, 'pasta', 41, 0, 1, '', 'Chicken,cheese', 41, 0, 0, 'restro', 'CS'),
(313, 12000, 'fried plantaines', 238, 'side order', 47, 0, 1, '', 'plantain', 47, 0, 0, 'restro', 'CS'),
(314, 16000, 'fish fingers and chips', 240, 'side order', 47, 0, 1, '', 'Fish,chips', 47, 0, 0, 'restro', 'CS'),
(315, 16000, 'chicken fingers', 241, 'side order', 47, 0, 1, '', 'chips,Chicken', 47, 0, 0, 'restro', 'CS'),
(316, 28000, 'grilled whole fish', 242, 'side order', 47, 0, 1, '', 'Fish', 47, 0, 0, 'restro', 'CS'),
(317, 20000, 'chicken wings', 243, 'side order', 47, 0, 1, '', 'Chicken', 47, 0, 0, 'restro', 'CS'),
(318, 20000, 'chicken and chips', 249, 'side order', 47, 0, 1, '', 'chips,Chicken', 47, 0, 0, 'restro', 'CS'),
(319, 11000, 'masala chips', 265, 'side order', 47, 0, 1, '', 'chips,spices,masala', 47, 0, 0, 'restro', 'CS'),
(320, 8000, 'banana fritters', 244, 'dessert', 42, 0, 1, '', 'bananas', 42, 0, 0, 'restro', 'CS'),
(321, 8000, 'pineapple fritters', 245, 'dessert', 42, 0, 1, '', 'Pineapple', 42, 0, 0, 'restro', 'CS'),
(322, 8500, 'waffles', 246, 'dessert', 42, 0, 1, '', 'flour,sugar,milk', 42, 0, 0, 'restro', 'CS'),
(323, 8500, 'english pancakes', 247, 'dessert', 42, 0, 1, '', 'flour,sugar,milk', 42, 0, 0, 'restro', 'CS'),
(324, 4500, 'ice cream', 248, 'dessert', 42, 0, 1, '', 'Ice Cream', 42, 0, 0, 'restro', 'CS'),
(325, 7000, 'Herbal Tea', 0, 'Tea', 48, 0, 1, '', 'tea', 48, 0, 0, 'bar', '0'),
(338, 7500, 'caramel latte', 819, 'coffee', 29, 0, 1, '', 'milk,coffee', 29, 0, 0, 'restro', 'BAR'),
(339, 7500, 'caramel mocha', 820, 'coffee', 29, 0, 1, '', 'milk,coffee', 29, 0, 0, 'restro', 'BAR'),
(341, 7500, 'americano', 822, 'coffee', 29, 0, 1, '', 'milk,coffee', 29, 0, 0, 'restro', 'BAR'),
(344, 9000, 'flavoured latte', 825, 'coffee', 29, 0, 1, '', 'spices,milk,coffee', 29, 0, 0, 'restro', 'BAR'),
(346, 9000, 'iced mocha', 827, 'coffee iced', 29, 0, 1, '', 'coffee', 29, 0, 0, 'restro', 'BAR'),
(347, 8000, 'iced coffee', 828, 'coffee', 29, 0, 1, '', 'coffee', 29, 0, 0, 'restro', 'BAR'),
(348, 9000, 'iced latte', 829, 'coffee', 29, 0, 1, '', 'milk,coffee', 29, 0, 0, 'restro', 'BAR'),
(349, 7500, 'iced americano', 830, 'coffee iced', 29, 0, 1, '', 'coffee', 29, 0, 0, 'restro', 'BAR'),
(350, 7500, 'iced tea', 831, 'coffee', 29, 0, 1, '', 'coffee', 29, 0, 0, 'restro', 'BAR'),
(352, 11000, 'banana smoothie', 833, 'smoothie', 30, 0, 1, '', 'bananas,milk', 30, 0, 0, 'restro', 'BAR'),
(354, 8000, 'Avacado smoothie', 835, 'Smoothies', 30, 0, 1, '', 'yogurt,avacados', 30, 0, 0, 'restro', 'BAR'),
(355, 25000, 'Long Island Ice Tea', 515, 'Cocktail', 34, 0, 1, '', 'Ice,Vodka,Vanilla Rum', 34, 0, 0, 'restro', 'BAR'),
(356, 18000, 'Cosmopolitan', 515, 'Cocktail', 34, 0, 1, '', 'Ice,Vodka,Lemon Juice', 34, 0, 0, 'restro', 'BAR'),
(357, 18000, 'Margarita', 516, 'Cocktail', 34, 0, 1, '', 'Vodka', 34, 0, 0, 'restro', 'BAR'),
(358, 18000, 'Tequila Sunrise', 517, 'Cocktail', 34, 0, 1, '', 'Vodka', 34, 0, 0, 'restro', 'BAR'),
(359, 20000, 'Mojito', 518, 'Cocktail', 34, 0, 1, '', 'Vodka', 34, 0, 0, 'restro', 'BAR'),
(360, 20000, 'pina Colada', 519, 'Cocktail', 34, 0, 1, '', 'Vodka', 34, 0, 0, 'restro', 'BAR'),
(361, 18000, 'Martini', 520, 'Cocktail', 34, 0, 1, '', 'Vodka', 34, 0, 0, 'restro', 'BAR'),
(362, 18000, 'Daiquiry', 521, 'Cocktail', 34, 0, 1, '', 'Vodka', 34, 0, 0, 'restro', 'BAR'),
(363, 6000, 'Heiniken', 522, 'Beer', 0, 0, 1, '', NULL, 0, 0, 0, 'bar', 'bar'),
(364, 5000, 'Club', 523, 'Beer', 32, 0, 1, '', 'beer', 32, 0, 0, 'restro', 'BAR'),
(365, 5000, 'Nile Special', 524, 'Beer', 32, 0, 1, '', 'beer', 32, 0, 0, 'restro', 'BAR'),
(366, 5000, 'Nile Gold', 525, 'Beer', 32, 0, 1, '', 'beer', 32, 0, 0, 'restro', 'BAR'),
(367, 5000, 'Guiness', 526, 'Beer', 32, 0, 1, '', 'beer', 32, 0, 0, 'restro', 'BAR'),
(368, 5000, 'Bell Lager', 527, 'Beer', 0, 0, 1, '', NULL, 0, 0, 0, 'bar', 'bar'),
(369, 5000, 'Tursker Lager', 528, 'Beer', 32, 0, 1, '', 'beer', 32, 0, 0, 'restro', 'BAR'),
(370, 5000, 'Tursker Malt', 529, 'Beer', 32, 0, 1, '', 'beer', 32, 0, 0, 'restro', 'BAR'),
(371, 5000, 'Tursker lite', 499, 'Beer', 32, 0, 1, '', 'beer', 32, 0, 0, 'restro', 'BAR'),
(372, 5000, 'Smirnoff Ice', 530, 'beer', 32, 0, 1, '', 'beer', 32, 0, 0, 'restro', 'BAR'),
(373, 5000, 'Smirnoff Ice red', 530, 'beer', 32, 0, 1, '', 'beer', 32, 0, 0, 'restro', 'BAR'),
(374, 7000, 'Double Black', 836, 'Beer', 32, 0, 1, '', 'beer', 32, 0, 0, 'restro', 'BAR'),
(375, 7000, 'Castle light', 837, 'beer', 32, 0, 1, '', 'beer', 32, 0, 0, 'restro', 'BAR'),
(376, 5000, 'Redds Vodka', 838, 'Beer', 32, 0, 1, '', 'beer', 32, 0, 0, 'restro', 'BAR'),
(379, 14000, 'House Wine by glass: Dry/SweetRed', 531, 'wine', 49, 0, 1, '', 'wine', 49, 0, 0, 'restro', 'BAR'),
(380, 14000, 'House wine by glass: Dry/Sweet White', 532, 'Wine', 49, 0, 1, '', 'wine', 49, 0, 0, 'restro', 'BAR'),
(381, 65000, 'Wine Bottle 750mls', 533, 'Wine', 49, 0, 1, '', 'wine', 49, 0, 0, 'restro', 'BAR'),
(382, 80000, 'Wine bottle 1ltr', 509, 'Wine', 49, 0, 1, '', 'wine', 49, 0, 0, 'restro', 'BAR'),
(383, 8000, 'Mateud', 534, 'Aperitif', 50, 0, 1, '', 'spirit', 50, 0, 0, 'restro', 'BAR'),
(385, 4000, 'Martini Red', 535, 'Aperitif', 50, 0, 1, '', 'spirit', 50, 0, 0, 'restro', 'BAR'),
(386, 4000, 'Martini Cizano', 536, 'Aperitif', 50, 0, 1, '', 'spirit', 50, 0, 0, 'restro', 'BAR'),
(387, 8000, 'Jahnnie walker Black lable', 537, 'Whiskey', 51, 0, 1, '', 'spirit', 51, 0, 0, 'restro', 'BAR'),
(388, 6000, 'Johnnie walker Red lable', 538, 'Whiskey', 51, 0, 1, '', 'spirit', 51, 0, 0, 'restro', 'BAR'),
(389, 6000, 'J&B Rare', 539, 'Whiskey', 51, 0, 1, '', 'spirit', 51, 0, 0, 'restro', 'BAR'),
(390, 5000, 'Vat 69', 540, 'Whiskey', 51, 0, 1, '', 'spirit', 51, 0, 0, 'restro', 'BAR'),
(391, 6000, 'Famous Grouse', 541, 'Whiskey', 51, 0, 1, '', 'spirit', 51, 0, 0, 'restro', 'BAR'),
(392, 7000, 'John Jameson', 542, 'Whiskey', 51, 0, 1, '', 'spirit', 51, 0, 0, 'restro', 'BAR'),
(393, 543, 'Jack Daniels', 7000, 'Tennessee Whiskey', 51, 0, 1, '', 'spirit', 51, 0, 0, 'restro', 'BAR'),
(394, 6000, 'Jim Beam', 544, 'Tennessee Whiskey', 51, 0, 1, '', 'spirit', 51, 0, 0, 'restro', 'BAR'),
(395, 12000, 'Glenfidditch', 545, 'Single Malt', 53, 0, 1, '', 'spirit', 53, 0, 0, 'restro', 'BAR'),
(396, 5000, 'captian morgan', 546, 'rum', 54, 0, 1, '', 'rum', 54, 0, 0, 'restro', 'BAR'),
(397, 6000, 'captian morgan spiced', 547, 'rum', 54, 0, 1, '', 'rum', 54, 0, 0, 'restro', 'BAR'),
(398, 5000, 'malibu', 548, 'rum', 54, 0, 1, '', 'rum', 54, 0, 0, 'restro', 'BAR'),
(399, 6000, 'bacardi', 549, 'rum', 54, 0, 1, '', 'rum', 54, 0, 0, 'restro', 'BAR'),
(400, 6000, 'bacardi spiced', 550, 'rum', 54, 0, 1, '', 'rum', 54, 0, 0, 'restro', 'BAR'),
(401, 8000, 'jose cuervo white', 551, 'tequila', 55, 0, 1, '', 'tequila', 55, 0, 0, 'restro', 'BAR'),
(402, 8000, 'jose cuervo gold', 552, 'tequila', 55, 0, 1, '', 'tequila', 55, 0, 0, 'restro', 'BAR'),
(403, 12000, 'remi martin VSOP', 553, 'brandy', 56, 0, 1, '', 'brandy', 56, 0, 0, 'restro', 'BAR'),
(404, 4000, 'amarula', 554, 'liqueur', 57, 0, 1, '', 'liquer', 57, 0, 0, 'restro', 'BAR'),
(405, 8000, 'bailey''s irish cream', 555, 'liqueur', 57, 0, 1, '', 'liquer', 57, 0, 0, 'restro', 'BAR'),
(406, 8000, 'tia maria', 556, 'liqueur', 57, 0, 1, '', 'liquer', 57, 0, 0, 'restro', 'BAR'),
(407, 6000, 'kahlua', 557, 'liqueur', 57, 0, 1, '', 'liquer', 57, 0, 0, 'restro', 'BAR'),
(408, 8000, 'cointreau', 558, 'liqueur', 57, 0, 1, '', 'liquer', 57, 0, 0, 'restro', 'BAR'),
(409, 4000, 'Smirnoff red', 559, 'vodka', 58, 0, 1, '', 'Vodka', 58, 0, 0, 'restro', 'BAR'),
(410, 8000, 'absoulte vodka', 560, 'vodka', 58, 0, 1, '', 'Vodka', 58, 0, 0, 'restro', 'BAR'),
(411, 8000, 'bombay sapphire', 561, 'gin', 59, 0, 1, '', 'ginger', 59, 0, 0, 'restro', 'BAR'),
(412, 6000, 'gordons', 562, 'gin', 59, 0, 1, '', 'lime', 59, 0, 0, 'restro', 'BAR'),
(413, 6000, 'tanqueray', 563, 'gin', 59, 0, 1, '', 'lime', 59, 0, 0, 'restro', 'BAR'),
(414, 6000, 'beefeater', 564, 'gin', 59, 0, 1, '', 'lime', 59, 0, 0, 'restro', 'BAR'),
(415, 3000, 'gilbeys', 567, 'gin', 59, 0, 1, '', 'lime', 59, 0, 0, 'restro', 'BAR'),
(416, 3000, 'uganda waragi', 568, 'gin', 59, 0, 1, '', 'lime', 59, 0, 0, 'restro', 'BAR'),
(417, 195000, 'johnnie walker black label btl', 700, 'whiskey', 51, 0, 1, '', 'whisky', 51, 0, 0, 'restro', 'BAR'),
(419, 120000, 'j&b rare btl', 702, 'whiskey', 51, 0, 1, '', 'whisky', 51, 0, 0, 'restro', 'BAR'),
(420, 55000, 'vat 69 Btl', 703, 'whiskey', 51, 0, 1, '', 'whisky', 51, 0, 0, 'restro', 'BAR'),
(421, 120000, 'john jameson', 704, 'whiskey', 51, 0, 1, '', 'whisky', 51, 0, 0, 'restro', 'BAR'),
(422, 250000, 'double black btl', 705, 'whiskey', 51, 0, 1, '', 'whisky', 51, 0, 0, 'restro', 'BAR'),
(423, 210000, 'jack daniels btl', 706, 'tennesse whiskey', 52, 0, 1, '', 'tennesse whisky', 52, 0, 0, 'restro', 'BAR'),
(424, 80000, 'captian morgan btl', 707, 'rum', 54, 0, 1, '', 'rum', 54, 0, 0, 'restro', 'BAR'),
(425, 80000, 'captian morgan spiced btl', 708, 'rum', 54, 0, 1, '', 'rum', 54, 0, 0, 'restro', 'BAR'),
(426, 110000, 'bacardi btl', 709, 'rum', 54, 0, 1, '', 'rum', 54, 0, 0, 'restro', 'BAR'),
(427, 130000, 'amarula btl', 710, 'liqueur', 57, 0, 1, '', 'liquer', 57, 0, 0, 'restro', 'BAR'),
(428, 50000, 'smirnoff vodka btl', 711, 'vodka', 58, 0, 1, '', 'Vodka', 58, 0, 0, 'restro', 'BAR'),
(429, 110000, 'absoulte vodka btl', 712, 'vodka', 58, 0, 1, '', 'Vodka', 58, 0, 0, 'restro', 'BAR'),
(430, 70000, 'beefeater btl', 713, 'gin\r\n\r\n\r\n\r\n\r\n\r\n\r\n', 59, 0, 1, '', 'lime', 59, 0, 0, 'restro', 'BAR'),
(431, 60000, 'uganda waragi btl', 714, 'gin', 59, 0, 1, '', 'lime', 59, 0, 0, 'restro', 'BAR'),
(432, 70000, 'gilbeys btl', 715, 'gin', 59, 0, 1, '', 'lime', 59, 0, 0, 'restro', 'BAR'),
(433, 70000, 'gordons btl', 716, 'gin', 59, 0, 1, '', 'lime', 59, 0, 0, 'restro', 'BAR'),
(434, 125000, 'bombay sapphire btl', 717, 'gin', 59, 0, 1, '', 'lime', 59, 0, 0, 'restro', 'BAR'),
(435, 300000, 'glenfidditch btl', 718, 'single malt', 53, 0, 1, '', 'single malt', 53, 0, 0, 'restro', 'BAR'),
(437, 10000, 'cream of chicken soup', 204, 'soup', 21, 0, 1, '437.jpg', 'onions,Tomatoes,Chicken', 21, 0, 0, 'restro', 'CS'),
(438, 15000, 'Shisha', 903, 'shisha', 42, 0, 1, '', 'test', 42, 0, 0, 'restro', 'BAR'),
(439, 600, 'Take away box', 900, 'pack', 43, 0, 1, '', 'test', 43, 0, 0, 'restro', 'BH'),
(440, 600, 'Take away bag', 901, 'pack', 43, 0, 1, '', 'test', 43, 0, 0, 'restro', 'BH'),
(441, 10000, 'Dunhill', 902, 'cigarettes', 43, 0, 1, '', 'test', 43, 0, 0, 'restro', 'BAR'),
(442, 5000, 'coke zero', 904, 'soft drink', 43, 0, 1, '', 'coke', 43, 0, 0, 'restro', 'BAR'),
(443, 10000, 'Double black lable 2', 0, 'spirit', 0, 0, 1, '', NULL, 0, 0, 0, 'bar', 'bar'),
(444, 6000, 'piece of chicken', 907, 'chicken', 47, 0, 1, '', 'Chicken', 47, 0, 0, 'restro', 'CS'),
(445, 20000, 'chicken sausages', 905, 'breakfast', 47, 0, 1, '', 'chips,sausages', 47, 0, 0, 'restro', 'CS'),
(446, 9500, 'doubl ka meetha', 83, 'Desert', 42, 0, 1, '', 'flour,sugar', 42, 0, 0, 'restro', 'BH'),
(447, 9500, 'Gulab Jamun', 84, 'Desert', 42, 0, 1, '', 'flour,sugar', 42, 0, 0, 'restro', 'BH'),
(448, 9500, 'Kala Jamun', 85, 'Desert', 42, 0, 1, '', 'flour,sugar', 42, 0, 0, 'restro', 'BH'),
(449, 10000, 'plain Dosa', 86, 'Dosa', 60, 0, 1, '', 'flour,sugar', 60, 0, 0, 'restro', 'BH'),
(450, 12000, 'Onion Dosa', 87, 'Dosa', 60, 0, 1, '', 'flour,sugar,onions', 60, 0, 0, 'restro', 'BH'),
(451, 13000, 'Masala Dosa', 88, 'Dosa', 60, 0, 1, '', 'flour,sugar,onions,Tomatoes', 60, 0, 0, 'restro', 'BH'),
(452, 14000, 'Paneer Dosa', 89, 'Dosa', 60, 0, 1, '', 'paneer,flour,sugar', 60, 0, 0, 'restro', 'BH'),
(453, 18000, 'Cheese Dosa', 90, 'Dosa', 60, 0, 1, '', 'flour,sugar,cheese', 60, 0, 0, 'restro', 'BH'),
(454, 14000, 'Egg Dosa', 91, 'Dosa', 60, 0, 1, '', 'flour,Egg,sugar', 60, 0, 0, 'restro', 'BH'),
(455, 10000, 'Set Dosa', 92, 'Dosa', 60, 0, 1, '', 'flour,sugar', 60, 0, 0, 'restro', 'BH'),
(456, 18000, 'Kheema Dosa', 93, 'Dosa', 60, 0, 1, '', 'Mutton,flour,sugar', 60, 0, 0, 'restro', 'BH'),
(457, 12000, 'Plain Uthappam', 94, 'Dosa', 60, 0, 1, '', 'flour,sugar', 60, 0, 0, 'restro', 'BH'),
(458, 13500, 'Masala Uthappam', 95, 'Dosa', 60, 0, 1, '', 'flour,sugar,onions,Tomatoes', 60, 0, 0, 'restro', 'BH'),
(459, 13500, 'Onion Uthappam', 96, 'Dosa', 60, 0, 1, '', 'flour,sugar,onions', 60, 0, 0, 'restro', 'BH'),
(460, 9500, 'Vadas', 97, 'Vadas', 61, 0, 1, '', 'flour,sugar', 61, 0, 0, 'restro', 'BH'),
(461, 8000, 'Idli', 98, 'Idli', 62, 0, 1, '', 'flour,sugar', 62, 0, 0, 'restro', 'BH'),
(462, 599, ' vodka beer', 0, 'dksnsdlkn', 0, 0, 1, '462.jpg', NULL, 0, 0, 0, 'bar', 'bar'),
(463, 8500, 'mango juice', 907, 'Fresh juice', 31, 0, 1, '', 'mango', 31, 0, 0, 'restro', 'restro'),
(464, 8500, 'Pineapple Juice', 505, 'Juice', 31, 0, 1, '', 'Pineapple', 31, 0, 0, 'restro', 'restro'),
(465, 9000, 'Orange Juice', 506, 'Juice', 31, 0, 1, '', 'Orange', 31, 0, 0, 'restro', 'restro'),
(466, 8500, 'Watermelon Juice', 507, 'Juice', 31, 0, 1, '', 'Watermelon', 31, 0, 0, 'restro', 'restro'),
(467, 8500, 'Cocktail Juice', 508, 'Juice', 31, 0, 1, '', 'Pineapple,mango,Watermelon', 31, 0, 0, 'restro', 'restro'),
(468, 7, 'test', 0, 'hggh', 0, 0, 1, '', NULL, 0, 0, 0, 'bar', 'bar'),
(470, 3000, 'aerated drink', 501, 'soft drink', 31, 0, 1, '', 'coke,fanta,pepsi,mirinda fruity', 31, 0, 0, 'restro', 'restro'),
(471, 8500, 'passion juice\\ pineapple', 505, 'fresh juice', 31, 0, 1, '', 'Pineapple,water', 31, 0, 0, 'restro', 'restro'),
(472, 9000, 'Orange Juice', 506, 'fresh juice', 31, 0, 1, '', 'sugar,water,Orange', 31, 0, 0, 'restro', 'restro'),
(473, 8500, 'Watermelon Juice', 507, 'fresh juice', 31, 0, 1, '', 'sugar,water,Watermelon', 31, 0, 0, 'restro', 'restro'),
(474, 8500, 'Cocktail Juice', 508, 'fresh juice', 31, 0, 1, '', 'Pineapple,water,mango,Watermelon', 31, 0, 0, 'restro', 'restro'),
(475, 7000, 'African tea', 800, 'tea', 48, 0, 1, '', 'milk,water,tea', 48, 0, 0, 'restro', 'restro'),
(476, 2, 'test_bar', 0, 'dff', 0, 0, 1, '', NULL, 0, 0, 0, 'bar', 'bar'),
(478, 123, 'Bacardi vodka', 852, 'kndkshksdhn', 0, 0, 1, '478.jpg', NULL, 0, 0, 0, 'bar', 'bar'),
(479, 3000, '.water', 500, 'water', 0, 0, 1, '', NULL, 0, 0, 0, 'bar', 'bar'),
(480, 45, 'soda vodka', 956, 'soda', 0, 0, 1, '480.jpg', NULL, 0, 0, 0, 'bar', 'bar'),
(482, 3000, 'SODA', 501, 'SOFT DRINK', 0, 0, 1, '', NULL, 0, 0, 0, 'bar', 'bar'),
(483, 6500, 'fresh lime soda', 502, 'soft drink', 0, 0, 1, '', NULL, 0, 0, 0, 'bar', 'bar'),
(484, 8500, 'Lassi (Sweet/Salty)', 503, 'Soft drink', 0, 0, 1, '', NULL, 0, 0, 0, 'bar', 'bar'),
(485, 7500, 'red bull', 504, '\r\nsoft drink', 0, 0, 1, '', NULL, 0, 0, 0, 'bar', 'bar'),
(486, 8500, 'passion juice\\ pineapple', 505, 'Fresh Juice', 0, 0, 1, '', NULL, 0, 0, 0, 'bar', 'bar'),
(487, 9000, 'Orange Juice', 506, 'Fresh Juice', 0, 0, 1, '', NULL, 0, 0, 0, 'bar', 'bar'),
(488, 8500, 'Watermelon Juice', 507, 'Fresh Juice', 0, 0, 1, '', NULL, 0, 0, 0, 'bar', 'bar'),
(489, 8500, 'Cocktail Juice', 508, 'Fresh Juice', 0, 0, 1, '', NULL, 0, 0, 0, 'bar', 'bar'),
(490, 7000, 'African tea', 800, 'Tea', 0, 0, 1, '', NULL, 0, 0, 0, 'bar', 'bar'),
(491, 6500, 'Indian Masala Tea', 801, 'Tea', 0, 0, 1, '', NULL, 0, 0, 0, 'bar', 'bar'),
(492, 6500, 'Dawa', 802, 'Tea', 0, 0, 1, '', NULL, 0, 0, 0, 'bar', 'bar'),
(493, 6500, 'Green tea', 803, 'Tea', 0, 0, 1, '', NULL, 0, 0, 0, 'bar', 'bar'),
(494, 5000, 'English tea', 804, 'Tea', 0, 0, 1, '', NULL, 0, 0, 0, 'bar', 'bar'),
(495, 5000, 'Black Tea', 805, 'Tea', 0, 0, 1, '', NULL, 0, 0, 0, 'bar', 'bar'),
(496, 7000, 'Herbal Tea', 806, 'Tea', 0, 0, 1, '', NULL, 0, 0, 0, 'bar', 'bar'),
(497, 8000, 'Lemon Tea', 807, 'Tea', 0, 0, 1, '', NULL, 0, 0, 0, 'bar', 'bar'),
(498, 8000, 'Chai Latte', 808, 'Tea', 0, 0, 1, '', NULL, 0, 0, 0, 'bar', 'bar'),
(499, 8000, 'hot Choclate, Black/White', 809, 'Tea', 0, 0, 1, '', NULL, 0, 0, 0, 'bar', 'bar'),
(500, 10000, 'affogatto', 826, 'Iced Coffee', 0, 0, 1, '', NULL, 0, 0, 0, 'bar', 'bar'),
(501, 9000, 'iced mocha', 827, 'Iced coffee', 0, 0, 1, '', NULL, 0, 0, 0, 'bar', 'bar'),
(502, 8000, 'iced coffee', 828, 'Iced Coffee', 0, 0, 1, '', NULL, 0, 0, 0, 'bar', 'bar'),
(503, 9000, 'iced latte', 829, 'Iced Coffee', 0, 0, 1, '', NULL, 0, 0, 0, 'bar', 'bar'),
(504, 7500, 'iced americano', 830, 'Iced Coffee', 0, 0, 1, '', NULL, 0, 0, 0, 'bar', 'bar'),
(505, 7500, 'iced tea', 831, 'Iced coffee', 0, 0, 1, '', NULL, 0, 0, 0, 'bar', 'bar'),
(506, 5000, 'espresso single', 810, 'Hot Coffee', 0, 0, 1, '', NULL, 0, 0, 0, 'bar', 'bar'),
(507, 6500, 'espresso double', 811, 'Hot coffee', 0, 0, 1, '', NULL, 0, 0, 0, 'bar', 'bar'),
(508, 7000, 'cappucino single', 812, 'Hot Coffee', 0, 0, 1, '', NULL, 0, 0, 0, 'bar', 'bar'),
(509, 8500, 'cappucino double', 813, 'Hot coffee', 0, 0, 1, '', NULL, 0, 0, 0, 'bar', 'bar'),
(510, 7500, 'cafe latte single', 814, 'Hot Coffee', 0, 0, 1, '', NULL, 0, 0, 0, 'bar', 'bar'),
(511, 9000, 'cafe latte double', 815, 'Hot coffee', 0, 0, 1, '', NULL, 0, 0, 0, 'bar', 'bar'),
(512, 10000, 'cafe mocha', 816, 'Hot coffee', 0, 0, 1, '', NULL, 0, 0, 0, 'bar', 'bar'),
(513, 5000, 'macchiatto double', 817, 'Hot Coffee', 0, 0, 1, '', NULL, 0, 0, 0, 'bar', 'bar'),
(514, 6000, 'macchiatto double', 818, 'Hot coffee', 0, 0, 1, '', NULL, 0, 0, 0, 'bar', 'bar'),
(515, 20000, 'Vegetarian fried rice', 72, 'main course', 25, 0, 1, '', 'Garlic,Cabbage,rice,vegetables', 25, 0, 0, 'restro', 'restro'),
(516, 5999.99, 'Butter Naan', 64, 'rotis', 25, 0, 1, '', 'Butter', 25, 0, 0, 'restro', 'restro'),
(517, 11000, 'mango smoothies', 832, 'smoothies', 30, 0, 1, '', 'yogurt,mango', 30, 0, 0, 'restro', 'restro'),
(518, 11000, 'mango smoothies', 832, 'smoothies', 30, 0, 1, '', 'yogurt,mango', 30, 0, 0, 'restro', 'restro'),
(519, 11000, 'banana smoothie', 833, 'smoothie', 30, 0, 1, '', 'yogurt,bananas', 30, 0, 0, 'restro', 'restro'),
(520, 11000, 'pineapple smoothie', 834, 'smoothies', 30, 0, 1, '', 'Pineapple,yogurt', 30, 0, 0, 'restro', 'restro'),
(521, 8000, 'Avacado smoothie', 835, 'smoothies', 30, 0, 1, '', 'yogurt,avacados', 30, 0, 0, 'restro', 'restro'),
(522, 8000, 'chicken and chips', 13, 'starter', 7, 0, 1, '', 'irish potatoes', 7, 0, 0, 'restro', 'restro'),
(523, 15000, 'vegetable bullets', 14, 'starter', 7, 0, 1, '', 'Cabbage,flour', 7, 0, 0, 'restro', 'restro'),
(524, 6000, 'black coffee', 823, 'coffee', 0, 0, 1, '', NULL, 0, 0, 0, 'bar', 'bar'),
(525, 8000, 'french fries', 13, 'starter', 7, 0, 1, '', 'irish potatoes', 7, 0, 0, 'restro', 'restro'),
(526, 12000, 'cool blue', 569, 'beverage', 34, 1, 1, '', 'Ice,lime', 34, 0, 0, 'restro', 'restro'),
(527, 12000, 'blue lagoon', 570, 'beverages', 34, 1, 1, '', 'sprite,lime', 34, 0, 0, 'restro', 'restro'),
(528, 12000, 'strawberry lemonade', 571, 'beverage', 34, 1, 1, '', 'Ice', 34, 0, 0, 'restro', 'restro'),
(529, 12000, 'strawberry blast', 572, 'beverages', 0, 0, 1, '', NULL, 0, 0, 0, 'bar', 'bar'),
(530, 12000, 'kiwi cooler', 573, 'beverage', 34, 1, 1, '', 'Ice,sprite', 34, 0, 0, 'restro', 'restro'),
(531, 12000, 'orange lemonade', 574, 'beverage', 34, 1, 1, '', 'Ice,lime,Orange', 34, 0, 0, 'restro', 'restro'),
(532, 12000, 'cafe 16 frappe', 575, 'beverages', 34, 1, 1, '', 'Ice,milk,espresso single', 34, 0, 0, 'restro', 'restro'),
(533, 12000, 'chocco frappe', 576, 'beverages', 34, 1, 1, '', 'Ice,milk,chocolate,espresso single', 34, 0, 0, 'restro', 'restro');

-- --------------------------------------------------------

--
-- Table structure for table `menutype`
--

CREATE TABLE IF NOT EXISTS `menutype` (
  `id` int(11) NOT NULL AUTO_INCREMENT,
  `menutype_name` varchar(255) NOT NULL,
  `menu_type` varchar(100) NOT NULL,
  `menu_desc` varchar(200) NOT NULL,
  `menu_order` int(11) NOT NULL,
  PRIMARY KEY (`id`)
) ENGINE=InnoDB  DEFAULT CHARSET=latin1 AUTO_INCREMENT=63 ;

--
-- Dumping data for table `menutype`
--

INSERT INTO `menutype` (`id`, `menutype_name`, `menu_type`, `menu_desc`, `menu_order`) VALUES
(7, 'STARTERS', '1', 'Surprised to see this in an Indian restaurant?\r\nOur chef makes a very happy exception for our\r\ntiny tots', 4),
(21, 'SOUPS', '1', 'An Indian soup, a true\r\ndelight for your soul .', 2),
(23, 'TANDOOR+KEBABS', '1', 'Smooth as silk kebabs served after prolonged\r\nmarinating and light braising of chicken, cooked\r\nover charcoal', 6),
(24, 'CURRIES+DALS', '1', 'Mixed Vegetable curry from NIZAM kitchen , Spicy chicken curry cooked traditional Andhra\r\nPradesh style', 9),
(25, 'ROTIS+RICE+NOODLES', '1', 'Roti cooked in tandoor', 10),
(29, 'COFFEE', '2', 'df', 1),
(30, 'smoothie milkshake', '2', 'dsf', 2),
(31, 'fresh fruit juice', '2', 'dfdf', 3),
(32, 'Beer', '2', 'df', 4),
(33, 'spirits', '2', 'sdf', 5),
(34, 'Cocktail', '2', 'sdf', 6),
(35, 'Mocktail', '2', 'dsf', 7),
(38, 'BIRYANI', '1', 'Special Biryani', 1),
(39, 'SALAD', '1', 'Special Salad', 3),
(40, 'BURGER+SANDWICHES', '1', 'Special', 5),
(41, 'PASTA+WRAPS', '1', 'Special', 7),
(42, 'DESSERTS', '1', 'Special', 11),
(43, 'alacrate', '', '', 0),
(44, 'Breakfast', '', '', 0),
(46, 'Maincourse', '', '', 0),
(47, 'side order', '', '', 0),
(48, 'Tea', '', '', 0),
(49, 'Wine', '', '', 0),
(50, 'Aperitif', '', '', 0),
(51, 'Whiskey', '', '', 0),
(52, 'Tennesse Whiskey', '', '', 0),
(53, 'Single malt', '', '', 0),
(54, 'Rum', '', '', 0),
(55, 'Tequila', '', '', 0),
(56, 'Brandy', '', '', 0),
(57, 'Liquer', '', '', 0),
(58, 'Vodka', '', '', 0),
(59, 'Gin', '', '', 0),
(60, 'Dosa', '', '', 0),
(61, 'VADAS', '', '', 0),
(62, 'Idli', '', '', 0);

-- --------------------------------------------------------

--
-- Table structure for table `notification`
--

CREATE TABLE IF NOT EXISTS `notification` (
  `id` int(11) NOT NULL AUTO_INCREMENT,
  `description` text NOT NULL,
  `acceptby` int(11) DEFAULT NULL,
  `timestamp` timestamp NOT NULL DEFAULT CURRENT_TIMESTAMP,
  `type` int(11) NOT NULL DEFAULT '0',
  `orderid` int(11) NOT NULL,
  PRIMARY KEY (`id`),
  KEY `acceptby` (`acceptby`)
) ENGINE=InnoDB  DEFAULT CHARSET=latin1 AUTO_INCREMENT=370 ;

--
-- Dumping data for table `notification`
--

INSERT INTO `notification` (`id`, `description`, `acceptby`, `timestamp`, `type`, `orderid`) VALUES
(134, 'SET FOR DELIVERY', NULL, '2015-01-05 07:02:08', 0, 299),
(135, 'SET FOR DELIVERY', NULL, '2015-01-05 07:02:22', 0, 302),
(136, 'SET FOR DELIVERY', NULL, '2015-01-05 07:50:32', 0, 303),
(137, 'SET FOR DELIVERY', NULL, '2015-01-05 09:01:46', 0, 305),
(138, 'SET FOR DELIVERY', NULL, '2015-01-05 09:23:44', 0, 305),
(139, 'SET FOR DELIVERY', NULL, '2015-01-05 10:31:54', 0, 311),
(140, 'SET FOR DELIVERY', NULL, '2015-01-05 13:20:07', 0, 312),
(141, 'SET FOR DELIVERY', NULL, '2015-01-05 14:04:36', 0, 312),
(142, 'SET FOR DELIVERY', NULL, '2015-01-05 14:51:36', 0, 26),
(143, 'SET FOR DELIVERY', NULL, '2015-01-06 07:11:39', 0, 315),
(144, 'SET FOR DELIVERY', NULL, '2015-01-06 08:09:00', 0, 315),
(145, 'SET FOR DELIVERY', NULL, '2015-01-07 07:48:33', 0, 357),
(146, 'SET FOR DELIVERY', NULL, '2015-01-07 08:45:38', 0, 357),
(147, 'SET FOR DELIVERY', NULL, '2015-01-07 08:46:47', 0, 357),
(148, 'SET FOR DELIVERY', NULL, '2015-01-07 09:22:08', 0, 358),
(149, 'SET FOR DELIVERY', NULL, '2015-01-07 09:49:11', 0, 360),
(150, 'SET FOR DELIVERY', NULL, '2015-01-07 09:59:40', 0, 361),
(151, 'SET FOR DELIVERY', NULL, '2015-01-07 10:00:38', 0, 358),
(152, 'SET FOR DELIVERY', NULL, '2015-01-07 12:59:26', 0, 363),
(153, 'SET FOR DELIVERY', NULL, '2015-01-07 12:59:28', 0, 359),
(154, 'SET FOR DELIVERY', NULL, '2015-01-07 12:59:41', 0, 27),
(155, 'SET FOR DELIVERY', NULL, '2015-01-07 12:59:46', 0, 365),
(156, 'SET FOR DELIVERY', NULL, '2015-01-07 13:05:29', 0, 364),
(157, 'SET FOR DELIVERY', NULL, '2015-01-07 13:51:52', 0, 364),
(158, 'SET FOR DELIVERY', NULL, '2015-01-07 14:02:24', 0, 362),
(159, 'SET FOR DELIVERY', NULL, '2015-01-07 14:03:10', 0, 364),
(160, 'SET FOR DELIVERY', NULL, '2015-01-07 14:12:25', 0, 364),
(161, 'SET FOR DELIVERY', NULL, '2015-01-08 06:37:40', 0, 50),
(162, 'SET FOR DELIVERY', NULL, '2015-01-08 06:38:10', 0, 50),
(163, 'SET FOR DELIVERY', NULL, '2015-01-08 06:46:37', 0, 27),
(164, 'SET FOR DELIVERY', NULL, '2015-01-08 06:47:59', 0, 27),
(165, 'SET FOR DELIVERY', NULL, '2015-01-08 06:53:38', 0, 366),
(166, 'SET FOR DELIVERY', NULL, '2015-01-08 07:27:04', 0, 28),
(167, 'SET FOR DELIVERY', NULL, '2015-01-08 08:40:32', 0, 28),
(168, 'SET FOR DELIVERY', NULL, '2015-01-08 08:43:13', 0, 28),
(169, 'SET FOR DELIVERY', NULL, '2015-01-08 08:44:34', 0, 28),
(170, 'SET FOR DELIVERY', NULL, '2015-01-08 08:45:53', 0, 28),
(171, 'SET FOR DELIVERY', NULL, '2015-01-09 06:34:40', 0, 369),
(172, 'SET FOR DELIVERY', NULL, '2015-01-10 13:57:37', 0, 381),
(173, 'SET FOR DELIVERY', NULL, '2015-01-15 12:49:58', 0, 388),
(174, 'SET FOR DELIVERY', NULL, '2015-01-16 10:27:07', 0, 390),
(175, 'SET FOR DELIVERY', NULL, '2015-01-17 05:57:05', 0, 392),
(176, 'SET FOR DELIVERY', NULL, '2015-01-17 06:33:54', 0, 60),
(177, 'SET FOR DELIVERY', NULL, '2015-01-17 06:33:56', 0, 27),
(178, 'SET FOR DELIVERY', NULL, '2015-01-17 06:33:58', 0, 66),
(179, 'SET FOR DELIVERY', NULL, '2015-01-17 06:37:44', 0, 60),
(180, 'SET FOR DELIVERY', NULL, '2015-01-17 06:38:10', 0, 31),
(181, 'SET FOR DELIVERY', NULL, '2015-01-17 08:23:58', 0, 66),
(182, 'SET FOR DELIVERY', NULL, '2015-01-19 05:32:10', 0, 395),
(183, 'SET FOR DELIVERY', NULL, '2015-01-20 14:42:49', 0, 26),
(184, 'SET FOR DELIVERY', NULL, '2015-01-20 14:48:54', 0, 29),
(185, 'SET FOR DELIVERY', NULL, '2015-01-20 14:50:55', 0, 27),
(186, 'SET FOR DELIVERY', NULL, '2015-01-20 14:54:28', 0, 30),
(187, 'SET FOR DELIVERY', NULL, '2015-01-20 14:54:42', 0, 26),
(188, 'SET FOR DELIVERY', NULL, '2015-01-20 14:54:53', 0, 29),
(189, 'SET FOR DELIVERY', NULL, '2015-01-20 14:54:59', 0, 398),
(190, 'SET FOR DELIVERY', NULL, '2015-01-21 06:00:38', 0, 30),
(191, 'SET FOR DELIVERY', NULL, '2015-01-21 06:00:47', 0, 30),
(192, 'SET FOR DELIVERY', NULL, '2015-01-21 06:00:53', 0, 27),
(193, 'SET FOR DELIVERY', NULL, '2015-01-21 06:00:55', 0, 26),
(194, 'SET FOR DELIVERY', NULL, '2015-01-21 06:01:09', 0, 29),
(195, 'SET FOR DELIVERY', NULL, '2015-01-21 06:11:39', 0, 26),
(196, 'SET FOR DELIVERY', NULL, '2015-01-21 06:11:57', 0, 27),
(197, 'SET FOR DELIVERY', NULL, '2015-01-21 06:29:20', 0, 0),
(198, 'SET FOR DELIVERY', NULL, '2015-01-21 06:29:22', 0, 0),
(199, 'SET FOR DELIVERY', NULL, '2015-01-21 06:29:29', 0, 0),
(200, 'SET FOR DELIVERY', NULL, '2015-01-21 06:30:48', 0, 0),
(201, 'SET FOR DELIVERY', NULL, '2015-01-21 06:31:26', 0, 0),
(202, 'SET FOR DELIVERY', NULL, '2015-01-21 06:32:00', 0, 0),
(203, 'SET FOR DELIVERY', NULL, '2015-01-21 06:32:01', 0, 0),
(204, 'SET FOR DELIVERY', NULL, '2015-01-21 06:32:03', 0, 0),
(205, 'SET FOR DELIVERY', NULL, '2015-01-21 06:32:30', 0, 0),
(206, 'SET FOR DELIVERY', NULL, '2015-01-21 06:32:55', 0, 33),
(207, 'SET FOR DELIVERY', NULL, '2015-01-21 06:34:36', 0, 27),
(208, 'SET FOR DELIVERY', NULL, '2015-01-21 06:35:24', 0, 33),
(209, 'SET FOR DELIVERY', NULL, '2015-01-21 06:35:28', 0, 28),
(210, 'SET FOR DELIVERY', NULL, '2015-01-21 06:35:33', 0, 27),
(211, 'SET FOR DELIVERY', NULL, '2015-01-23 09:44:05', 0, 426),
(212, 'SET FOR DELIVERY', NULL, '2015-01-30 05:17:14', 0, 0),
(213, 'SET FOR DELIVERY', NULL, '2015-01-30 05:17:19', 0, 0),
(214, 'SET FOR DELIVERY', NULL, '2015-01-30 05:17:26', 0, 0),
(215, 'SET FOR DELIVERY', NULL, '2015-01-30 05:17:32', 0, 0),
(216, 'SET FOR DELIVERY', NULL, '2015-01-30 05:31:23', 0, 0),
(217, 'SET FOR DELIVERY', NULL, '2015-01-30 05:31:44', 0, 0),
(218, 'SET FOR DELIVERY', NULL, '2015-01-30 05:32:04', 0, 0),
(219, 'SET FOR DELIVERY', NULL, '2015-01-30 05:32:08', 0, 0),
(220, 'SET FOR DELIVERY', NULL, '2015-01-30 05:34:09', 0, 0),
(221, 'SET FOR DELIVERY', NULL, '2015-01-30 05:36:44', 0, 0),
(222, 'SET FOR DELIVERY', NULL, '2015-01-30 05:40:11', 0, 0),
(223, 'SET FOR DELIVERY', NULL, '2015-01-30 05:40:13', 0, 0),
(224, 'SET FOR DELIVERY', NULL, '2015-01-30 05:43:17', 0, 28),
(225, 'SET FOR DELIVERY', NULL, '2015-01-30 08:13:24', 0, 28),
(226, 'SET FOR DELIVERY', NULL, '2015-01-30 08:13:33', 0, 28),
(227, 'SET FOR DELIVERY', NULL, '2015-01-30 08:14:56', 0, 28),
(228, 'SET FOR DELIVERY', NULL, '2015-01-30 09:15:37', 0, 473),
(229, 'SET FOR DELIVERY', NULL, '2015-01-30 09:22:12', 0, 29),
(230, 'SET FOR DELIVERY', NULL, '2015-01-30 11:01:50', 0, 70),
(231, 'SET FOR DELIVERY', NULL, '2015-01-30 11:01:53', 0, 30),
(232, 'SET FOR DELIVERY', NULL, '2015-01-30 11:01:59', 0, 28),
(233, 'SET FOR DELIVERY', NULL, '2015-01-30 11:05:40', 0, 51),
(234, 'SET FOR DELIVERY', NULL, '2015-01-30 11:05:43', 0, 52),
(235, 'SET FOR DELIVERY', NULL, '2015-01-30 11:05:44', 0, 52),
(236, 'SET FOR DELIVERY', NULL, '2015-01-30 11:44:15', 0, 28),
(237, 'SET FOR DELIVERY', NULL, '2015-01-30 11:44:16', 0, 52),
(240, 'SET FOR DELIVERY', NULL, '2015-02-02 09:00:02', 0, 33),
(241, 'SET FOR DELIVERY', NULL, '2015-02-02 09:00:35', 0, 30),
(242, 'SET FOR DELIVERY', NULL, '2015-02-02 09:09:41', 0, 28),
(243, 'SET FOR DELIVERY', NULL, '2015-02-02 09:09:52', 0, 69),
(244, 'SET FOR DELIVERY', NULL, '2015-02-03 14:35:03', 0, 28),
(245, 'SET FOR DELIVERY', NULL, '2015-02-03 14:36:08', 0, 33),
(246, 'SET FOR DELIVERY', NULL, '2015-02-03 14:36:09', 0, 70),
(247, 'SET FOR DELIVERY', NULL, '2015-02-04 10:06:34', 0, 27),
(248, 'SET FOR DELIVERY', NULL, '2015-02-04 10:06:50', 0, 26),
(249, 'SET FOR DELIVERY', NULL, '2015-02-04 13:21:06', 0, 33),
(250, 'SET FOR DELIVERY', NULL, '2015-02-05 09:54:48', 0, 26),
(251, 'SET FOR DELIVERY', NULL, '2015-02-05 11:50:37', 0, 26),
(252, 'SET FOR DELIVERY', NULL, '2015-02-05 14:32:31', 0, 26),
(253, 'SET FOR DELIVERY', NULL, '2015-02-05 14:32:32', 0, 27),
(254, 'SET FOR DELIVERY', NULL, '2015-02-05 14:32:33', 0, 28),
(255, 'SET FOR DELIVERY', NULL, '2015-02-05 14:32:34', 0, 29),
(256, 'SET FOR DELIVERY', NULL, '2015-02-05 14:32:36', 0, 33),
(257, 'SET FOR DELIVERY', NULL, '2015-02-05 14:32:37', 0, 58),
(258, 'SET FOR DELIVERY', NULL, '2015-02-05 14:41:48', 0, 26),
(259, 'SET FOR DELIVERY', NULL, '2015-02-05 14:42:26', 0, 27),
(260, 'SET FOR DELIVERY', NULL, '2015-02-05 14:42:37', 0, 28),
(261, 'SET FOR DELIVERY', NULL, '2015-02-05 14:42:41', 0, 29),
(262, 'SET FOR DELIVERY', NULL, '2015-02-05 14:43:43', 0, 33),
(263, 'SET FOR DELIVERY', NULL, '2015-02-06 12:08:37', 0, 26),
(264, 'SET FOR DELIVERY', NULL, '2015-02-06 12:08:38', 0, 27),
(265, 'SET FOR DELIVERY', NULL, '2015-02-06 12:08:39', 0, 28),
(266, 'SET FOR DELIVERY', NULL, '2015-02-06 12:08:40', 0, 29),
(267, 'SET FOR DELIVERY', NULL, '2015-02-06 12:08:42', 0, 33),
(268, 'SET FOR DELIVERY', NULL, '2015-02-06 12:08:44', 0, 58),
(269, 'SET FOR DELIVERY', NULL, '2015-02-06 12:09:09', 0, 26),
(270, 'SET FOR DELIVERY', NULL, '2015-02-06 12:09:24', 0, 27),
(271, 'SET FOR DELIVERY', NULL, '2015-02-06 15:35:02', 0, 28),
(272, 'SET FOR DELIVERY', NULL, '2015-02-06 15:35:07', 0, 28),
(273, 'SET FOR DELIVERY', NULL, '2015-02-06 15:35:11', 0, 29),
(274, 'SET FOR DELIVERY', NULL, '2015-02-06 15:35:12', 0, 29),
(275, 'SET FOR DELIVERY', NULL, '2015-02-06 15:35:14', 0, 29),
(276, 'SET FOR DELIVERY', NULL, '2015-02-06 15:35:16', 0, 29),
(277, 'SET FOR DELIVERY', NULL, '2015-02-06 15:35:17', 0, 29),
(278, 'SET FOR DELIVERY', NULL, '2015-02-09 05:43:09', 0, 26),
(279, 'SET FOR DELIVERY', NULL, '2015-02-09 05:43:31', 0, 69),
(280, 'SET FOR DELIVERY', NULL, '2015-02-09 05:44:10', 0, 70),
(281, 'SET FOR DELIVERY', NULL, '2015-02-11 05:51:07', 0, 26),
(282, 'SET FOR DELIVERY', NULL, '2015-02-11 05:53:45', 0, 27),
(283, 'SET FOR DELIVERY', NULL, '2015-02-11 05:54:29', 0, 30),
(284, 'SET FOR DELIVERY', NULL, '2015-02-11 11:47:01', 0, 28),
(285, 'SET FOR DELIVERY', NULL, '2015-02-11 11:48:20', 0, 0),
(286, 'SET FOR DELIVERY', NULL, '2015-02-11 11:48:23', 0, 0),
(287, 'SET FOR DELIVERY', NULL, '2015-02-11 11:48:27', 0, 0),
(288, 'SET FOR DELIVERY', NULL, '2015-02-11 11:48:28', 0, 0),
(289, 'SET FOR DELIVERY', NULL, '2015-02-11 11:48:30', 0, 0),
(290, 'SET FOR DELIVERY', NULL, '2015-02-11 11:51:18', 0, 0),
(291, 'SET FOR DELIVERY', NULL, '2015-02-11 11:51:53', 0, 0),
(292, 'SET FOR DELIVERY', NULL, '2015-02-11 11:51:55', 0, 0),
(293, 'SET FOR DELIVERY', NULL, '2015-02-11 11:51:57', 0, 0),
(294, 'SET FOR DELIVERY', NULL, '2015-02-11 11:51:59', 0, 0),
(295, 'SET FOR DELIVERY', NULL, '2015-02-11 11:52:00', 0, 0),
(296, 'SET FOR DELIVERY', NULL, '2015-02-11 11:52:03', 0, 0),
(297, 'SET FOR DELIVERY', NULL, '2015-02-11 11:52:44', 0, 0),
(298, 'SET FOR DELIVERY', NULL, '2015-02-11 11:52:46', 0, 0),
(299, 'SET FOR DELIVERY', NULL, '2015-02-11 11:52:51', 0, 0),
(300, 'SET FOR DELIVERY', NULL, '2015-02-11 11:52:54', 0, 0),
(301, 'SET FOR DELIVERY', NULL, '2015-02-11 11:53:50', 0, 0),
(302, 'SET FOR DELIVERY', NULL, '2015-02-11 11:53:57', 0, 0),
(303, 'SET FOR DELIVERY', NULL, '2015-02-11 11:54:00', 0, 0),
(304, 'SET FOR DELIVERY', NULL, '2015-02-11 11:54:03', 0, 0),
(305, 'SET FOR DELIVERY', NULL, '2015-02-11 11:54:04', 0, 0),
(306, 'SET FOR DELIVERY', NULL, '2015-02-11 11:54:04', 0, 0),
(307, 'SET FOR DELIVERY', NULL, '2015-02-11 11:54:04', 0, 0),
(308, 'SET FOR DELIVERY', NULL, '2015-02-11 11:54:06', 0, 0),
(309, 'SET FOR DELIVERY', NULL, '2015-02-11 11:54:07', 0, 0),
(310, 'SET FOR DELIVERY', NULL, '2015-02-11 11:54:07', 0, 0),
(311, 'SET FOR DELIVERY', NULL, '2015-02-11 11:55:25', 0, 0),
(312, 'SET FOR DELIVERY', NULL, '2015-02-11 11:55:30', 0, 26),
(313, 'SET FOR DELIVERY', NULL, '2015-02-11 11:55:32', 0, 26),
(314, 'SET FOR DELIVERY', NULL, '2015-02-11 12:08:48', 0, 0),
(315, 'SET FOR DELIVERY', NULL, '2015-02-11 12:09:05', 0, 0),
(316, 'SET FOR DELIVERY', NULL, '2015-02-11 12:09:58', 0, 28),
(317, 'SET FOR DELIVERY', NULL, '2015-02-11 12:13:51', 0, 0),
(318, 'SET FOR DELIVERY', NULL, '2015-02-11 12:13:59', 0, 0),
(319, 'SET FOR DELIVERY', NULL, '2015-02-11 12:14:30', 0, 28),
(320, 'SET FOR DELIVERY', NULL, '2015-02-11 12:15:13', 0, 515),
(321, 'SET FOR DELIVERY', NULL, '2015-02-11 12:16:23', 0, 512),
(322, 'SET FOR DELIVERY', NULL, '2015-02-11 12:16:34', 0, 516),
(323, 'SET FOR DELIVERY', NULL, '2015-02-11 12:16:44', 0, 517),
(324, 'SET FOR DELIVERY', NULL, '2015-02-11 12:31:25', 0, 516),
(325, 'SET FOR DELIVERY', NULL, '2015-02-11 12:31:47', 0, 515),
(326, 'SET FOR DELIVERY', NULL, '2015-02-16 08:52:54', 0, 530),
(327, 'SET FOR DELIVERY', NULL, '2015-02-16 08:58:12', 0, 531),
(328, 'SET FOR DELIVERY', NULL, '2015-02-16 09:07:15', 0, 531),
(329, 'SET FOR DELIVERY', NULL, '2015-02-16 09:53:02', 0, 532),
(330, 'SET FOR DELIVERY', NULL, '2015-02-16 09:55:37', 0, 532),
(331, 'SET FOR DELIVERY', NULL, '2015-02-16 10:10:35', 0, 532),
(332, 'SET FOR DELIVERY', NULL, '2015-02-16 10:48:51', 0, 532),
(333, 'SET FOR DELIVERY', NULL, '2015-02-21 09:47:09', 0, 562),
(334, 'SET FOR DELIVERY', NULL, '2015-03-26 13:54:01', 0, 731),
(335, 'SET FOR DELIVERY', NULL, '2015-03-26 13:54:02', 0, 734),
(336, 'SET FOR DELIVERY', NULL, '2015-03-26 14:56:17', 0, 732),
(337, 'SET FOR DELIVERY', NULL, '2015-03-26 14:56:18', 0, 733),
(338, 'SET FOR DELIVERY', NULL, '2015-03-26 14:56:20', 0, 734),
(339, 'SET FOR DELIVERY', NULL, '2015-04-01 15:41:46', 0, 735),
(340, 'SET FOR DELIVERY', NULL, '2015-04-01 15:42:41', 0, 737),
(341, 'SET FOR DELIVERY', NULL, '2015-04-01 15:43:10', 0, 738),
(342, 'SET FOR DELIVERY', NULL, '2015-04-01 15:45:52', 0, 739),
(343, 'SET FOR DELIVERY', NULL, '2015-04-02 06:35:51', 0, 741),
(344, 'SET FOR DELIVERY', NULL, '2015-04-02 06:35:53', 0, 742),
(345, 'SET FOR DELIVERY', NULL, '2015-04-02 06:44:44', 0, 743),
(346, 'SET FOR DELIVERY', NULL, '2015-04-02 06:44:59', 0, 744),
(347, 'SET FOR DELIVERY', NULL, '2015-04-02 06:46:18', 0, 745),
(348, 'SET FOR DELIVERY', NULL, '2015-04-02 06:46:50', 0, 746),
(349, 'SET FOR DELIVERY', NULL, '2015-04-02 06:48:06', 0, 743),
(350, 'SET FOR DELIVERY', NULL, '2015-04-02 06:49:59', 0, 744),
(351, 'SET FOR DELIVERY', NULL, '2015-04-02 07:07:45', 0, 746),
(352, 'SET FOR DELIVERY', NULL, '2015-04-02 07:07:52', 0, 747),
(353, 'SET FOR DELIVERY', NULL, '2015-04-02 07:08:45', 0, 745),
(354, 'SET FOR DELIVERY', NULL, '2015-04-02 07:09:15', 0, 745),
(355, 'SET FOR DELIVERY', NULL, '2015-04-02 07:09:19', 0, 747),
(356, 'SET FOR DELIVERY', NULL, '2015-04-02 07:09:22', 0, 746),
(357, 'SET FOR DELIVERY', NULL, '2015-04-02 07:09:24', 0, 744),
(358, 'SET FOR DELIVERY', NULL, '2015-04-02 07:09:25', 0, 743),
(359, 'SET FOR DELIVERY', NULL, '2015-04-03 14:18:37', 0, 743),
(360, 'SET FOR DELIVERY', NULL, '2015-04-03 14:19:00', 0, 744),
(361, 'SET FOR DELIVERY', NULL, '2015-04-03 14:19:10', 0, 746),
(362, 'SET FOR DELIVERY', NULL, '2015-04-03 14:19:16', 0, 747),
(363, 'SET FOR DELIVERY', NULL, '2015-05-21 08:20:14', 0, 748),
(364, 'SET FOR DELIVERY', NULL, '2015-09-08 09:49:44', 0, 26),
(365, 'SET FOR DELIVERY', NULL, '2015-09-08 09:49:45', 0, 23),
(366, 'SET FOR DELIVERY', NULL, '2015-09-08 09:49:47', 0, 22),
(367, 'SET FOR DELIVERY', NULL, '2015-09-08 09:49:49', 0, 24),
(368, 'SET FOR DELIVERY', NULL, '2015-09-08 09:49:50', 0, 24),
(369, 'SET FOR DELIVERY', NULL, '2015-09-08 09:49:50', 0, 25);

-- --------------------------------------------------------

--
-- Table structure for table `notification_log`
--

CREATE TABLE IF NOT EXISTS `notification_log` (
  `id` int(11) NOT NULL AUTO_INCREMENT,
  `notifications` varchar(255) DEFAULT NULL,
  `created_at` datetime DEFAULT NULL,
  `order_id` int(11) DEFAULT NULL,
  `tablenumber` int(11) DEFAULT NULL,
  `customer_unique_id` varchar(255) DEFAULT NULL,
  `waiter` varchar(255) DEFAULT NULL,
  `staff` varchar(255) DEFAULT NULL,
  `type_id` int(11) DEFAULT NULL,
  `is_watch` tinyint(4) DEFAULT NULL,
  `text` text,
  PRIMARY KEY (`id`)
) ENGINE=InnoDB  DEFAULT CHARSET=latin1 AUTO_INCREMENT=57 ;

--
-- Dumping data for table `notification_log`
--

INSERT INTO `notification_log` (`id`, `notifications`, `created_at`, `order_id`, `tablenumber`, `customer_unique_id`, `waiter`, `staff`, `type_id`, `is_watch`, `text`) VALUES
(1, 'Staff LoggedIn', '2015-10-22 15:51:47', 0, 0, 'N/A', 'N/A', 'Apophia  Apo', 3, 0, '<div><span class=''label label-primery label-as-badge''>Apophia  Apo</span> login at <span class=''label label-warning label-as-badge''> 2015-10-22 15:51:47</span></div>'),
(2, 'Staff LoggedIn', '2015-10-22 16:01:37', 0, 0, 'N/A', 'N/A', 'Apophia  Apo', 3, 0, '<div><span class=''label label-primery label-as-badge''>Apophia  Apo</span> login at <span class=''label label-warning label-as-badge''> 2015-10-22 16:01:37</span></div>'),
(3, 'Staff LoggedIn', '2015-10-23 09:37:19', 0, 0, 'N/A', 'N/A', 'Apophia  Apo', 3, 0, '<div><span class=''label label-primery label-as-badge''>Apophia  Apo</span> login at <span class=''label label-warning label-as-badge''> 2015-10-23 09:37:19</span></div>'),
(4, 'Staff LoggedIn', '2015-10-23 09:51:40', 0, 0, 'N/A', 'N/A', 'Apophia  Apo', 3, 0, '<div><span class=''label label-primery label-as-badge''>Apophia  Apo</span> login at <span class=''label label-warning label-as-badge''> 2015-10-23 09:51:40</span></div>'),
(5, 'Staff LoggedIn', '2015-10-23 09:51:42', 0, 0, 'N/A', 'N/A', 'Apophia  Apo', 3, 0, '<div><span class=''label label-primery label-as-badge''>Apophia  Apo</span> login at <span class=''label label-warning label-as-badge''> 2015-10-23 09:51:42</span></div>'),
(6, 'Staff LoggedIn', '2015-10-23 11:11:59', 0, 0, 'N/A', 'N/A', 'Apophia  Apo', 3, 0, '<div><span class=''label label-primery label-as-badge''>Apophia  Apo</span> login at <span class=''label label-warning label-as-badge''> 2015-10-23 11:11:59</span></div>'),
(7, 'Customer LoggedIn', '2015-10-23 12:22:55', 0, 1, NULL, '', 'N/A', 4, 0, '<div style=''color:black;''> Customer: <span  class=''label label-success label-as-badge''>sit On Table </span> on Table: <span class=''label label-info label-as-badge''> 1</span> call Waiter: <span class=''label label-primary label-as-badge''></span></div>'),
(8, 'Staff LoggedIn', '2015-10-23 14:41:06', 0, 0, 'N/A', 'N/A', 'Apophia  Apo', 3, 0, '<div><span class=''label label-primery label-as-badge''>Apophia  Apo</span> login at <span class=''label label-warning label-as-badge''> 2015-10-23 14:41:06</span></div>'),
(9, 'Staff LoggedIn', '2015-10-23 16:41:24', 0, 0, 'N/A', 'N/A', 'Apophia  Apo', 3, 0, '<div><span class=''label label-primery label-as-badge''>Apophia  Apo</span> login at <span class=''label label-warning label-as-badge''> 2015-10-23 16:41:24</span></div>'),
(10, 'Staff LoggedIn', '2015-10-24 17:05:54', 0, 0, 'N/A', 'N/A', 'Apophia  Apo', 3, 0, '<div><span class=''label label-primery label-as-badge''>Apophia  Apo</span> login at <span class=''label label-warning label-as-badge''> 2015-10-24 17:05:54</span></div>'),
(11, 'Staff LoggedIn', '2015-10-25 12:27:27', 0, 0, 'N/A', 'N/A', 'Apophia  Apo', 3, 0, '<div><span class=''label label-primery label-as-badge''>Apophia  Apo</span> login at <span class=''label label-warning label-as-badge''> 2015-10-25 12:27:27</span></div>'),
(12, 'Staff LoggedIn', '2015-10-25 14:05:54', 0, 0, 'N/A', 'N/A', 'Apophia  Apo', 3, 0, '<div><span class=''label label-primery label-as-badge''>Apophia  Apo</span> login at <span class=''label label-warning label-as-badge''> 2015-10-25 14:05:54</span></div>'),
(13, 'Staff LoggedIn', '2015-10-25 16:33:56', 0, 0, 'N/A', 'N/A', 'Apophia  Apo', 3, 0, '<div><span class=''label label-primery label-as-badge''>Apophia  Apo</span> login at <span class=''label label-warning label-as-badge''> 2015-10-25 16:33:56</span></div>'),
(14, 'Staff LoggedIn', '2015-10-25 19:48:25', 0, 0, 'N/A', 'N/A', 'Apophia  Apo', 3, 0, '<div><span class=''label label-primery label-as-badge''>Apophia  Apo</span> login at <span class=''label label-warning label-as-badge''> 2015-10-25 19:48:25</span></div>'),
(15, 'Staff LoggedIn', '2015-10-26 13:00:07', 0, 0, 'N/A', 'N/A', 'Apophia  Apo', 3, 0, '<div><span class=''label label-primery label-as-badge''>Apophia  Apo</span> login at <span class=''label label-warning label-as-badge''> 2015-10-26 13:00:07</span></div>'),
(16, 'Staff LoggedIn', '2015-10-27 10:42:13', 0, 0, 'N/A', 'N/A', 'Apophia  Apo', 3, 0, '<div><span class=''label label-primery label-as-badge''>Apophia  Apo</span> login at <span class=''label label-warning label-as-badge''> 2015-10-27 10:42:13</span></div>'),
(17, 'Staff LoggedIn', '2015-10-28 09:21:10', 0, 0, 'N/A', 'N/A', 'Apophia  Apo', 3, 0, '<div><span class=''label label-primery label-as-badge''>Apophia  Apo</span> login at <span class=''label label-warning label-as-badge''> 2015-10-28 09:21:10</span></div>'),
(18, 'Staff LoggedIn', '2015-10-28 11:14:49', 0, 0, 'N/A', 'N/A', 'Apophia  Apo', 3, 0, '<div><span class=''label label-primery label-as-badge''>Apophia  Apo</span> login at <span class=''label label-warning label-as-badge''> 2015-10-28 11:14:49</span></div>'),
(19, 'Staff LoggedIn', '2015-10-30 11:19:35', 0, 0, 'N/A', 'N/A', 'Apophia  Apo', 3, 0, '<div><span class=''label label-primery label-as-badge''>Apophia  Apo</span> login at <span class=''label label-warning label-as-badge''> 2015-10-30 11:19:35</span></div>'),
(20, 'Staff LoggedIn', '2015-10-30 11:19:36', 0, 0, 'N/A', 'N/A', 'Apophia  Apo', 3, 0, '<div><span class=''label label-primery label-as-badge''>Apophia  Apo</span> login at <span class=''label label-warning label-as-badge''> 2015-10-30 11:19:36</span></div>'),
(21, 'Staff LoggedIn', '2015-10-30 11:19:38', 0, 0, 'N/A', 'N/A', 'Apophia  Apo', 3, 0, '<div><span class=''label label-primery label-as-badge''>Apophia  Apo</span> login at <span class=''label label-warning label-as-badge''> 2015-10-30 11:19:38</span></div>'),
(22, 'Staff LoggedIn', '2015-10-30 11:25:46', 0, 0, 'N/A', 'N/A', 'Apophia  Apo', 3, 0, '<div><span class=''label label-primery label-as-badge''>Apophia  Apo</span> login at <span class=''label label-warning label-as-badge''> 2015-10-30 11:25:46</span></div>'),
(23, 'Staff LoggedIn', '2015-10-31 12:41:44', 0, 0, 'N/A', 'N/A', 'Apophia  Apo', 3, 0, '<div><span class=''label label-primery label-as-badge''>Apophia  Apo</span> login at <span class=''label label-warning label-as-badge''> 2015-10-31 12:41:44</span></div>'),
(24, 'Staff LoggedIn', '2015-11-02 13:16:36', 0, 0, 'N/A', 'N/A', 'Apophia  Apo', 3, 0, '<div><span class=''label label-primery label-as-badge''>Apophia  Apo</span> login at <span class=''label label-warning label-as-badge''> 2015-11-02 13:16:36</span></div>'),
(25, 'Staff LoggedIn', '2015-11-03 08:12:03', 0, 0, 'N/A', 'N/A', 'Apophia  Apo', 3, 0, '<div><span class=''label label-primery label-as-badge''>Apophia  Apo</span> login at <span class=''label label-warning label-as-badge''> 2015-11-03 08:12:03</span></div>'),
(26, 'Staff LoggedIn', '2015-11-03 08:26:44', 0, 0, 'N/A', 'N/A', 'Apophia  Apo', 3, 0, '<div><span class=''label label-primery label-as-badge''>Apophia  Apo</span> login at <span class=''label label-warning label-as-badge''> 2015-11-03 08:26:44</span></div>'),
(27, 'Staff LoggedIn', '2015-11-03 10:49:52', 0, 0, 'N/A', 'N/A', 'Apophia  Apo', 3, 0, '<div><span class=''label label-primery label-as-badge''>Apophia  Apo</span> login at <span class=''label label-warning label-as-badge''> 2015-11-03 10:49:52</span></div>'),
(28, 'Staff LoggedIn', '2015-11-05 09:16:29', 0, 0, 'N/A', 'N/A', 'Apophia  Apo', 3, 0, '<div><span class=''label label-primery label-as-badge''>Apophia  Apo</span> login at <span class=''label label-warning label-as-badge''> 2015-11-05 09:16:29</span></div>'),
(29, 'Staff LoggedIn', '2015-11-05 10:22:10', 0, 0, 'N/A', 'N/A', 'Apophia  Apo', 3, 0, '<div><span class=''label label-primery label-as-badge''>Apophia  Apo</span> login at <span class=''label label-warning label-as-badge''> 2015-11-05 10:22:10</span></div>'),
(30, 'Staff LoggedIn', '2015-11-05 12:36:34', 0, 0, 'N/A', 'N/A', 'Apophia  Apo', 3, 0, '<div><span class=''label label-primery label-as-badge''>Apophia  Apo</span> login at <span class=''label label-warning label-as-badge''> 2015-11-05 12:36:34</span></div>'),
(31, 'Staff LoggedIn', '2015-11-05 12:42:02', 0, 0, 'N/A', 'N/A', 'Apophia  Apo', 3, 0, '<div><span class=''label label-primery label-as-badge''>Apophia  Apo</span> login at <span class=''label label-warning label-as-badge''> 2015-11-05 12:42:02</span></div>'),
(32, 'Staff LoggedIn', '2015-11-05 14:59:03', 0, 0, 'N/A', 'N/A', 'Apophia  Apo', 3, 0, '<div><span class=''label label-primery label-as-badge''>Apophia  Apo</span> login at <span class=''label label-warning label-as-badge''> 2015-11-05 14:59:03</span></div>'),
(33, 'Staff LoggedIn', '2015-11-14 08:00:39', 0, 0, 'N/A', 'N/A', 'Apophia  Apo', 3, 0, '<div><span class=''label label-primery label-as-badge''>Apophia  Apo</span> login at <span class=''label label-warning label-as-badge''> 2015-11-14 08:00:39</span></div>'),
(34, 'Staff LoggedIn', '2016-01-28 16:35:01', 0, 0, 'N/A', 'N/A', 'Apophia  Apo', 3, 0, '<div><span class=''label label-primery label-as-badge''>Apophia  Apo</span> login at <span class=''label label-warning label-as-badge''> 2016-01-28 16:35:01</span></div>'),
(35, 'Staff LoggedIn', '2016-01-29 08:59:46', 0, 0, 'N/A', 'N/A', 'Apophia  Apo', 3, 0, '<div><span class=''label label-primery label-as-badge''>Apophia  Apo</span> login at <span class=''label label-warning label-as-badge''> 2016-01-29 08:59:46</span></div>'),
(36, 'Staff LoggedIn', '2016-01-29 09:58:01', 0, 0, 'N/A', 'N/A', 'Apophia  Apo', 3, 0, '<div><span class=''label label-primery label-as-badge''>Apophia  Apo</span> login at <span class=''label label-warning label-as-badge''> 2016-01-29 09:58:01</span></div>'),
(37, 'Staff LoggedIn', '2016-01-29 16:05:59', 0, 0, 'N/A', 'N/A', 'Apophia  Apo', 3, 0, '<div><span class=''label label-primery label-as-badge''>Apophia  Apo</span> login at <span class=''label label-warning label-as-badge''> 2016-01-29 16:05:59</span></div>'),
(38, 'Staff LoggedIn', '2016-01-30 10:50:20', 0, 0, 'N/A', 'N/A', 'Apophia  Apo', 3, 0, '<div><span class=''label label-primery label-as-badge''>Apophia  Apo</span> login at <span class=''label label-warning label-as-badge''> 2016-01-30 10:50:20</span></div>'),
(39, 'Staff LoggedIn', '2016-01-30 11:35:26', 0, 0, 'N/A', 'N/A', 'Apophia  Apo', 3, 0, '<div><span class=''label label-primery label-as-badge''>Apophia  Apo</span> login at <span class=''label label-warning label-as-badge''> 2016-01-30 11:35:26</span></div>'),
(40, 'Staff LoggedIn', '2016-01-30 15:27:06', 0, 0, 'N/A', 'N/A', 'Apophia  Apo', 3, 0, '<div><span class=''label label-primery label-as-badge''>Apophia  Apo</span> login at <span class=''label label-warning label-as-badge''> 2016-01-30 15:27:06</span></div>'),
(41, 'Staff LoggedIn', '2016-02-01 12:40:54', 0, 0, 'N/A', 'N/A', 'Apophia  Apo', 3, 0, '<div><span class=''label label-primery label-as-badge''>Apophia  Apo</span> login at <span class=''label label-warning label-as-badge''> 2016-02-01 12:40:54</span></div>'),
(42, 'Staff LoggedIn', '2016-02-01 15:25:41', 0, 0, 'N/A', 'N/A', 'Apophia  Apo', 3, 0, '<div><span class=''label label-primery label-as-badge''>Apophia  Apo</span> login at <span class=''label label-warning label-as-badge''> 2016-02-01 15:25:41</span></div>'),
(43, 'Staff LoggedIn', '2016-02-02 09:05:59', 0, 0, 'N/A', 'N/A', 'Apophia  Apo', 3, 0, '<div><span class=''label label-primery label-as-badge''>Apophia  Apo</span> login at <span class=''label label-warning label-as-badge''> 2016-02-02 09:05:59</span></div>'),
(44, 'Staff LoggedIn', '2016-02-02 10:43:14', 0, 0, 'N/A', 'N/A', 'Apophia  Apo', 3, 0, '<div><span class=''label label-primery label-as-badge''>Apophia  Apo</span> login at <span class=''label label-warning label-as-badge''> 2016-02-02 10:43:14</span></div>'),
(45, 'Staff LoggedIn', '2016-02-02 17:20:23', 0, 0, 'N/A', 'N/A', 'Apophia  Apo', 3, 0, '<div><span class=''label label-primery label-as-badge''>Apophia  Apo</span> login at <span class=''label label-warning label-as-badge''> 2016-02-02 17:20:23</span></div>'),
(46, 'Staff LoggedIn', '2016-02-04 09:50:25', 0, 0, 'N/A', 'N/A', 'Apophia  Apo', 3, 0, '<div><span class=''label label-primery label-as-badge''>Apophia  Apo</span> login at <span class=''label label-warning label-as-badge''> 2016-02-04 09:50:25</span></div>'),
(47, 'Staff LoggedIn', '2016-02-04 09:50:25', 0, 0, 'N/A', 'N/A', 'Apophia  Apo', 3, 0, '<div><span class=''label label-primery label-as-badge''>Apophia  Apo</span> login at <span class=''label label-warning label-as-badge''> 2016-02-04 09:50:25</span></div>'),
(48, 'Staff LoggedIn', '2016-02-04 09:50:25', 0, 0, 'N/A', 'N/A', 'Apophia  Apo', 3, 0, '<div><span class=''label label-primery label-as-badge''>Apophia  Apo</span> login at <span class=''label label-warning label-as-badge''> 2016-02-04 09:50:25</span></div>'),
(49, 'Staff LoggedIn', '2016-02-04 09:50:26', 0, 0, 'N/A', 'N/A', 'Apophia  Apo', 3, 0, '<div><span class=''label label-primery label-as-badge''>Apophia  Apo</span> login at <span class=''label label-warning label-as-badge''> 2016-02-04 09:50:26</span></div>'),
(50, 'Staff LoggedIn', '2016-02-04 09:50:31', 0, 0, 'N/A', 'N/A', 'Apophia  Apo', 3, 0, '<div><span class=''label label-primery label-as-badge''>Apophia  Apo</span> login at <span class=''label label-warning label-as-badge''> 2016-02-04 09:50:31</span></div>'),
(51, 'Staff LoggedIn', '2016-02-08 11:35:47', 0, 0, 'N/A', 'N/A', 'Apophia  Apo', 3, 0, '<div><span class=''label label-primery label-as-badge''>Apophia  Apo</span> login at <span class=''label label-warning label-as-badge''> 2016-02-08 11:35:47</span></div>'),
(52, 'Staff LoggedIn', '2016-02-08 11:45:47', 0, 0, 'N/A', 'N/A', 'Apophia  Apo', 3, 0, '<div><span class=''label label-primery label-as-badge''>Apophia  Apo</span> login at <span class=''label label-warning label-as-badge''> 2016-02-08 11:45:47</span></div>'),
(53, 'Staff LoggedIn', '2016-02-09 10:29:36', 0, 0, 'N/A', 'N/A', 'Apophia  Apo', 3, 0, '<div><span class=''label label-primery label-as-badge''>Apophia  Apo</span> login at <span class=''label label-warning label-as-badge''> 2016-02-09 10:29:36</span></div>'),
(54, 'Staff LoggedIn', '2016-02-09 11:11:40', 0, 0, 'N/A', 'N/A', 'Apophia  Apo', 3, 0, '<div><span class=''label label-primery label-as-badge''>Apophia  Apo</span> login at <span class=''label label-warning label-as-badge''> 2016-02-09 11:11:40</span></div>'),
(55, 'Staff LoggedIn', '2016-02-09 11:31:44', 0, 0, 'N/A', 'N/A', 'Apophia  Apo', 3, 0, '<div><span class=''label label-primery label-as-badge''>Apophia  Apo</span> login at <span class=''label label-warning label-as-badge''> 2016-02-09 11:31:44</span></div>'),
(56, 'Staff LoggedIn', '2016-02-09 15:57:29', 0, 0, 'N/A', 'N/A', 'Apophia  Apo', 3, 0, '<div><span class=''label label-primery label-as-badge''>Apophia  Apo</span> login at <span class=''label label-warning label-as-badge''> 2016-02-09 15:57:29</span></div>');

-- --------------------------------------------------------

--
-- Table structure for table `notification_master`
--

CREATE TABLE IF NOT EXISTS `notification_master` (
  `id` int(11) NOT NULL AUTO_INCREMENT,
  `notification` varchar(255) DEFAULT NULL,
  `is_active` tinyint(4) DEFAULT NULL,
  PRIMARY KEY (`id`)
) ENGINE=InnoDB DEFAULT CHARSET=latin1 AUTO_INCREMENT=1 ;

-- --------------------------------------------------------

--
-- Table structure for table `order`
--

CREATE TABLE IF NOT EXISTS `order` (
  `id` int(11) NOT NULL AUTO_INCREMENT,
  `waiter_id` int(11) NOT NULL,
  `customername` varchar(64) NOT NULL,
  `timestamp` timestamp NOT NULL DEFAULT CURRENT_TIMESTAMP,
  `status` int(11) NOT NULL DEFAULT '0',
  `pickuptime` timestamp NULL DEFAULT NULL,
  `tablenumber` int(11) NOT NULL,
  `tabletnumber` int(11) NOT NULL,
  `customer_unique_id` varchar(80) NOT NULL,
  `key` int(11) DEFAULT NULL,
  `payment_status` int(10) NOT NULL DEFAULT '0',
  `date` date NOT NULL,
  `time` varchar(255) DEFAULT NULL,
  `shift_path` text,
  `invoice_print` int(11) NOT NULL,
  `el` varchar(255) DEFAULT NULL,
  `sl` varchar(255) DEFAULT NULL,
  PRIMARY KEY (`id`)
) ENGINE=InnoDB  DEFAULT CHARSET=latin1 AUTO_INCREMENT=74 ;

--
-- Dumping data for table `order`
--

INSERT INTO `order` (`id`, `waiter_id`, `customername`, `timestamp`, `status`, `pickuptime`, `tablenumber`, `tabletnumber`, `customer_unique_id`, `key`, `payment_status`, `date`, `time`, `shift_path`, `invoice_print`, `el`, `sl`) VALUES
(1, 70, '', '2015-10-22 13:58:21', 4, NULL, 1, 55, '', NULL, 1, '2015-10-22', NULL, '2-1', 0, 'mild', 'indian'),
(2, 70, '', '2015-10-22 14:02:22', 4, NULL, 1, 1, '', NULL, 1, '2015-10-22', NULL, '2-1', 0, 'mild', 'ugandian'),
(10, 83, '', '2015-10-23 07:56:13', 4, NULL, 1, 6, '', NULL, 1, '2015-10-23', NULL, '2-1', 0, 'medium', 'muzungu'),
(11, 84, '', '2015-10-23 07:57:37', 4, NULL, 1, 7, '', NULL, 1, '2015-10-23', NULL, '2-1', 0, 'medium', 'ugandian'),
(14, 0, 'patel', '2015-10-23 11:24:42', 4, NULL, 1, 0, '', NULL, 1, '2015-10-23', NULL, '2-1', 0, 'medium', 'indian'),
(15, 83, '', '2015-10-23 11:50:56', 4, NULL, 1, 19, '', NULL, 1, '2015-10-23', NULL, '2-1', 0, 'medium', 'indian'),
(18, 70, 'rahul', '2015-10-23 12:07:44', 4, NULL, 1, 0, '', NULL, 1, '2015-10-23', NULL, '2-1', 0, 'medium', 'indian'),
(27, 70, '', '2015-10-23 14:28:32', 4, NULL, 1, 5, '', NULL, 1, '2015-10-23', NULL, '2-1', 0, 'mild', 'indian'),
(30, 79, '', '2015-10-24 17:05:36', 4, NULL, 1, 32, '', NULL, 1, '2015-10-24', NULL, '2-1', 0, 'mild', 'ugandian'),
(31, 70, '', '2015-10-24 17:18:18', 4, NULL, 1, 6, '', NULL, 1, '2015-10-24', NULL, '2-1', 0, 'mild', 'ugandian'),
(32, 74, '', '2015-10-24 17:22:26', 4, NULL, 1, 4, '', NULL, 1, '2015-10-24', NULL, '2-1', 0, 'mild', 'ugandian'),
(33, 80, '', '2015-10-25 13:08:39', 4, NULL, 1, 25, '', NULL, 1, '2015-10-25', NULL, '2-1', 0, 'medium', 'indian'),
(34, 84, '', '2015-10-25 14:13:33', 4, NULL, 1, 5, '', NULL, 1, '2015-10-25', NULL, '2-1', 0, 'spicy', 'ugandian'),
(35, 84, 'david', '2015-10-25 14:23:01', 4, NULL, 1, 0, '', NULL, 1, '2015-10-25', NULL, '2-1', 0, 'mild', 'ugandian'),
(37, 83, '', '2015-10-27 09:56:40', 4, NULL, 1, 37, '', NULL, 1, '2015-10-27', NULL, '2-1', 0, NULL, NULL),
(38, 70, '', '2015-10-27 10:32:37', 4, NULL, 1, 17, '', NULL, 1, '2015-10-27', NULL, '2-1', 0, 'mild', 'indian'),
(39, 80, '', '2015-10-28 10:24:04', 4, NULL, 1, 8, '', NULL, 1, '2015-10-28', NULL, '2-1', 0, 'medium', 'indian'),
(40, 79, '', '2015-10-28 10:25:51', 4, NULL, 1, 11, '', NULL, 1, '2015-10-28', NULL, '2-1', 0, 'mild', 'ugandian'),
(41, 74, '', '2015-10-28 10:43:25', 4, NULL, 1, 5, '', NULL, 1, '2015-10-28', NULL, '2-1', 0, 'spicy', 'indian'),
(42, 83, '', '2015-10-30 10:26:49', 4, NULL, 1, 20, '', NULL, 1, '2015-10-30', NULL, '2-1', 0, 'mild', 'ugandian'),
(43, 74, '', '2015-10-31 12:05:17', 4, NULL, 1, 8, '', NULL, 1, '2015-10-31', NULL, '2-1', 0, 'mild', 'indian'),
(45, 80, '', '2015-10-31 12:29:42', 4, NULL, 1, 28, '', NULL, 1, '2015-10-31', NULL, '2-1', 0, 'mild', 'muzungu'),
(46, 80, '', '2015-10-31 12:29:42', 4, NULL, 1, 28, '', NULL, 1, '2015-10-31', NULL, '2-1', 0, 'mild', 'muzungu'),
(48, 83, '', '2015-11-03 10:02:05', 4, NULL, 1, 30, '', NULL, 1, '2015-11-03', NULL, '2-1', 0, NULL, NULL),
(49, 83, '', '2015-11-03 10:10:37', 4, NULL, 1, 29, '', NULL, 1, '2015-11-03', NULL, '2-1', 0, 'mild', 'indian'),
(50, 75, '', '2015-11-03 15:26:50', 4, NULL, 1, 3, '', NULL, 1, '2015-11-03', NULL, '2-1', 0, 'mild', 'indian'),
(55, 83, 'annet', '2015-11-14 10:37:29', 4, NULL, 1, 0, '', NULL, 1, '2015-11-14', NULL, '2-1', 0, 'mild', 'ugandian'),
(56, 83, 'annet', '2015-11-14 10:38:22', 4, NULL, 1, 3, '', NULL, 1, '2015-11-14', NULL, '2-1', 0, 'mild', 'ugandian'),
(58, 70, '', '2016-01-29 10:35:13', 4, NULL, 1, 30, '', NULL, 1, '2016-01-29', NULL, '2-1', 0, 'mild', 'ugandian'),
(60, 75, '', '2016-01-29 11:49:47', 4, NULL, 1, 35, '', NULL, 1, '2016-01-29', NULL, '2-1', 0, 'mild', 'ugandian'),
(61, 75, '', '2016-01-29 11:49:47', 4, NULL, 1, 35, '', NULL, 1, '2016-01-29', NULL, '2-1', 0, 'mild', 'ugandian'),
(62, 79, '', '2016-01-29 14:25:44', 4, NULL, 1, 7, '', NULL, 1, '2016-01-29', NULL, '2-1', 0, 'mild', 'indian'),
(63, 79, '', '2016-01-29 14:25:46', 4, NULL, 1, 7, '', NULL, 1, '2016-01-29', NULL, '2-1', 0, 'mild', 'indian'),
(64, 79, '', '2016-01-29 14:25:49', 4, NULL, 1, 7, '', NULL, 1, '2016-01-29', NULL, '2-1', 0, 'mild', 'indian'),
(65, 79, '', '2016-01-29 14:25:50', 4, NULL, 1, 7, '', NULL, 1, '2016-01-29', NULL, '2-1', 0, 'mild', 'indian'),
(66, 79, '', '2016-01-29 14:25:54', 4, NULL, 1, 7, '', NULL, 1, '2016-01-29', NULL, '2-1', 0, 'mild', 'indian'),
(67, 79, '', '2016-01-29 14:25:55', 4, NULL, 1, 7, '', NULL, 1, '2016-01-29', NULL, '2-1', 0, 'mild', 'indian'),
(68, 0, 'jalesh', '2016-01-30 09:54:20', 4, NULL, 1, 0, '', NULL, 1, '2016-01-30', NULL, '2-1', 0, 'medium', 'indian'),
(69, 0, 'hello food', '2016-01-30 10:19:35', 4, NULL, 1, 0, '', NULL, 1, '2016-01-30', NULL, '2-1', 0, 'medium', 'indian'),
(70, 74, '', '2016-01-30 10:40:35', 4, NULL, 1, 2, '', NULL, 1, '2016-01-30', NULL, '2-1', 0, 'mild', 'indian'),
(71, 75, '', '2016-02-02 11:18:52', 0, NULL, 27, 27, '', NULL, 0, '2016-02-02', NULL, NULL, 0, 'mild', 'indian'),
(72, 75, '', '2016-02-02 11:18:52', 0, NULL, 27, 27, '', NULL, 0, '2016-02-02', NULL, NULL, 0, 'mild', 'indian'),
(73, 75, '', '2016-02-08 10:53:09', 4, NULL, 27, 27, '', NULL, 1, '2016-02-08', NULL, NULL, 0, 'mild', 'indian');

-- --------------------------------------------------------

--
-- Table structure for table `orderitem`
--

CREATE TABLE IF NOT EXISTS `orderitem` (
  `id` int(11) NOT NULL AUTO_INCREMENT,
  `menuid` int(11) NOT NULL,
  `orderid` int(11) NOT NULL,
  `table_no` int(11) NOT NULL,
  `comp` int(11) DEFAULT NULL,
  `ingredients` text,
  `timestamp` timestamp NOT NULL DEFAULT CURRENT_TIMESTAMP,
  `paymentid` int(11) DEFAULT NULL,
  `price` float NOT NULL,
  `cust_name` varchar(80) NOT NULL,
  `status` int(10) NOT NULL,
  `quantity` int(20) NOT NULL,
  `comment` varchar(500) NOT NULL,
  `comment_status` varchar(100) NOT NULL,
  `comment_date` varchar(100) NOT NULL,
  `total_votes` varchar(10) NOT NULL,
  `total_valuve` varchar(10) NOT NULL,
  `notes` text,
  `el` varchar(255) DEFAULT NULL,
  `sl` varchar(255) DEFAULT NULL,
  `res_category` varchar(10) DEFAULT NULL,
  PRIMARY KEY (`id`),
  KEY `orderid` (`orderid`),
  KEY `menuid` (`menuid`),
  KEY `comp` (`comp`),
  KEY `paymentid` (`paymentid`)
) ENGINE=InnoDB  DEFAULT CHARSET=latin1 AUTO_INCREMENT=258 ;

--
-- Dumping data for table `orderitem`
--

INSERT INTO `orderitem` (`id`, `menuid`, `orderid`, `table_no`, `comp`, `ingredients`, `timestamp`, `paymentid`, `price`, `cust_name`, `status`, `quantity`, `comment`, `comment_status`, `comment_date`, `total_votes`, `total_valuve`, `notes`, `el`, `sl`, `res_category`) VALUES
(1, 176, 1, 55, NULL, 'All', '2015-10-22 13:58:21', NULL, 18000, '', 4, 3, '', '', '', '', '', '', 'mild', 'indian', 'BH'),
(2, 470, 2, 1, NULL, 'All', '2015-10-22 14:02:22', NULL, 3000, '', 4, 2, '', '', '', '', '', '', 'mild', 'ugandian', 'restro'),
(11, 170, 10, 6, NULL, 'All', '2015-10-23 07:56:13', NULL, 10000, '', 4, 8, '', '', '', '', '', '', 'medium', 'muzungu', 'CS'),
(12, 344, 11, 7, NULL, 'All', '2015-10-23 07:57:38', NULL, 9000, '', 4, 12, '', '', '', '', '', '', 'medium', 'ugandian', 'BAR'),
(15, 179, 14, 0, NULL, 'All', '2015-10-23 11:24:42', NULL, 27000, '', 4, 1, '', '', '', '', '', 'medium', 'medium', 'indian', 'BH'),
(16, 439, 14, 0, NULL, 'All', '2015-10-23 11:24:42', NULL, 600, '', 4, 1, '', '', '', '', '', 'medium', 'medium', 'indian', 'BH'),
(17, 440, 14, 0, NULL, 'All', '2015-10-23 11:24:42', NULL, 600, '', 4, 1, '', '', '', '', '', 'mild', 'medium', 'indian', 'BH'),
(18, 416, 15, 19, NULL, 'All', '2015-10-23 11:50:56', NULL, 3000, '', 4, 4, '', '', '', '', '', '', 'medium', 'indian', 'BAR'),
(19, 470, 15, 19, NULL, 'All', '2015-10-23 11:50:56', NULL, 3000, '', 4, 2, '', '', '', '', '', '', 'medium', 'indian', 'restro'),
(20, 179, 15, 19, NULL, 'All', '2015-10-23 11:50:56', NULL, 27000, '', 4, 1, '', '', '', '', '', 'medium', 'medium', 'indian', 'BH'),
(21, 187, 15, 19, NULL, 'All', '2015-10-23 11:50:56', NULL, 5000, '', 4, 1, '', '', '', '', '', 'spicy', 'medium', 'indian', 'BH'),
(22, 194, 15, 19, NULL, 'All', '2015-10-23 11:50:56', NULL, 19000, '', 4, 1, '', '', '', '', '', '', 'medium', 'indian', 'BH'),
(23, 198, 15, 19, NULL, 'All', '2015-10-23 11:50:56', NULL, 19000, '', 4, 1, '', '', '', '', '', '', 'medium', 'indian', 'BH'),
(24, 239, 15, 19, NULL, 'All', '2015-10-23 11:50:56', NULL, 5000, '', 4, 2, '', '', '', '', '', '', 'medium', 'indian', 'BH'),
(29, 179, 18, 0, NULL, 'All', '2015-10-23 12:07:44', NULL, 27000, '', 4, 1, '', '', '', '', '', '', 'medium', 'indian', 'BH'),
(30, 223, 18, 0, NULL, 'All', '2015-10-23 12:07:44', NULL, 24000, '', 4, 1, '', '', '', '', '', '', 'medium', 'indian', 'BH'),
(31, 241, 18, 0, NULL, 'All', '2015-10-23 12:07:44', NULL, 6000, '', 4, 1, '', '', '', '', '', '', 'medium', 'indian', 'BH'),
(32, 439, 18, 0, NULL, 'All', '2015-10-23 12:07:44', NULL, 600, '', 4, 2, '', '', '', '', '', '', 'medium', 'indian', 'BH'),
(33, 440, 18, 0, NULL, 'All', '2015-10-23 12:07:44', NULL, 600, '', 4, 1, '', '', '', '', '', '', 'medium', 'indian', 'BH'),
(34, 479, 15, 19, NULL, 'All', '2015-10-23 12:10:59', NULL, -0.01, '', 4, 1, '', '', '', '', '', '', 'indian', 'medium', 'bar'),
(35, 179, 15, 22, NULL, 'All', '2015-10-23 12:12:36', NULL, 27000, '', 4, 1, '', '', '', '', '', '', 'medium', 'indian', 'BH'),
(36, 184, 15, 22, NULL, 'All', '2015-10-23 12:12:36', NULL, 9500, '', 4, 1, '', '', '', '', '', '', 'medium', 'indian', 'BH'),
(37, 195, 15, 22, NULL, 'All', '2015-10-23 12:12:36', NULL, 18000, '', 4, 1, '', '', '', '', '', '', 'medium', 'indian', 'BH'),
(38, 239, 15, 22, NULL, 'All', '2015-10-23 12:12:36', NULL, 5000, '', 4, 2, '', '', '', '', '', '', 'medium', 'indian', 'BH'),
(57, 176, 27, 5, NULL, 'All', '2015-10-23 14:33:27', NULL, 18000, '', 4, 1, '', '', '', '', '', '', 'indian', 'mild', 'BH'),
(58, 176, 27, 5, NULL, 'All', '2015-10-23 14:33:28', NULL, 18000, '', 4, 1, '', '', '', '', '', '', 'indian', 'mild', 'BH'),
(64, 270, 30, 32, NULL, 'All', '2015-10-24 17:05:36', NULL, 12000, '', 4, 4, '', '', '', '', '', '', 'mild', 'ugandian', 'CS'),
(65, 176, 30, 32, NULL, 'All', '2015-10-24 17:05:36', NULL, 18000, '', 4, 3, '', '', '', '', '', '', 'mild', 'ugandian', 'BH'),
(66, 179, 30, 32, NULL, 'All', '2015-10-24 17:05:36', NULL, 27000, '', 4, 7, '', '', '', '', '', '', 'mild', 'ugandian', 'BH'),
(67, 191, 30, 32, NULL, 'All', '2015-10-24 17:05:36', NULL, 16000, '', 4, 4, '', '', '', '', '', '', 'mild', 'ugandian', 'BH'),
(68, 195, 30, 32, NULL, 'All', '2015-10-24 17:05:36', NULL, 18000, '', 4, 3, '', '', '', '', '', '', 'mild', 'ugandian', 'BH'),
(69, 213, 30, 32, NULL, 'All', '2015-10-24 17:05:36', NULL, 22000, '', 4, 2, '', '', '', '', '', '', 'mild', 'ugandian', 'BH'),
(70, 223, 30, 32, NULL, 'All', '2015-10-24 17:05:36', NULL, 24000, '', 4, 4, '', '', '', '', '', '', 'mild', 'ugandian', 'BH'),
(71, 231, 30, 32, NULL, 'All', '2015-10-24 17:05:36', NULL, 25000, '', 4, 2, '', '', '', '', '', '', 'mild', 'ugandian', 'BH'),
(72, 241, 30, 32, NULL, 'All', '2015-10-24 17:05:36', NULL, 6000, '', 4, 3, '', '', '', '', '', '', 'mild', 'ugandian', 'BH'),
(73, 249, 30, 32, NULL, 'All', '2015-10-24 17:05:36', NULL, 20000, '', 4, 4, '', '', '', '', '', '', 'mild', 'ugandian', 'BH'),
(74, 479, 30, 32, NULL, 'All', '2015-10-24 17:08:21', NULL, -0.01, '', 4, 1, '', '', '', '', '', '', 'ugandian', 'mild', 'bar'),
(75, 470, 30, 32, NULL, 'All', '2015-10-24 17:08:21', NULL, 3000, '', 4, 2, '', '', '', '', '', '', 'ugandian', 'mild', 'restro'),
(76, 363, 30, 36, NULL, 'All', '2015-10-24 17:13:26', NULL, 6000, '', 4, 1, '', '', '', '', '', '', 'medium', 'indian', 'BAR'),
(77, 438, 30, 36, NULL, 'All', '2015-10-24 17:13:26', NULL, 15000, '', 4, 1, '', '', '', '', '', '', 'medium', 'indian', 'BAR'),
(78, 470, 30, 36, NULL, 'All', '2015-10-24 17:13:26', NULL, 3000, '', 4, 1, '', '', '', '', '', '', 'medium', 'indian', 'restro'),
(79, 189, 30, 36, NULL, 'All', '2015-10-24 17:13:26', NULL, 8000, '', 4, 1, '', '', '', '', '', '', 'medium', 'indian', 'CS'),
(80, 300, 30, 36, NULL, 'All', '2015-10-24 17:13:26', NULL, 25000, '', 4, 1, '', '', '', '', '', '', 'medium', 'indian', 'CS'),
(81, 314, 30, 36, NULL, 'All', '2015-10-24 17:13:26', NULL, 16000, '', 4, 1, '', '', '', '', '', '', 'medium', 'indian', 'CS'),
(82, 196, 30, 36, NULL, 'All', '2015-10-24 17:13:26', NULL, 18000, '', 4, 1, '', '', '', '', '', '', 'medium', 'indian', 'BH'),
(83, 204, 30, 36, NULL, 'All', '2015-10-24 17:13:26', NULL, 22000, '', 4, 1, '', '', '', '', '', '', 'medium', 'indian', 'BH'),
(84, 245, 30, 36, NULL, 'All', '2015-10-24 17:13:26', NULL, 6500, '', 4, 1, '', '', '', '', '', '', 'medium', 'indian', 'BH'),
(85, 179, 31, 6, NULL, 'All', '2015-10-24 17:18:18', NULL, 27000, '', 4, 1, '', '', '', '', '', '', 'mild', 'ugandian', 'BH'),
(86, 223, 31, 6, NULL, 'All', '2015-10-24 17:18:18', NULL, 24000, '', 4, 1, '', '', '', '', '', '', 'mild', 'ugandian', 'BH'),
(87, 372, 32, 4, NULL, 'All', '2015-10-24 17:22:26', NULL, 5000, '', 4, 5, '', '', '', '', '', '', 'mild', 'ugandian', 'BAR'),
(88, 438, 32, 4, NULL, 'All', '2015-10-24 17:22:26', NULL, 15000, '', 4, 1, '', '', '', '', '', '', 'mild', 'ugandian', 'BAR'),
(89, 479, 31, 6, NULL, 'All', '2015-10-24 17:23:32', NULL, -0.01, '', 4, 2, '', '', '', '', '', '', 'ugandian', 'mild', 'bar'),
(90, 370, 31, 39, NULL, 'All', '2015-10-24 17:26:07', NULL, 5000, '', 4, 1, '', '', '', '', '', '', 'mild', 'ugandian', 'BAR'),
(91, 470, 31, 39, NULL, 'All', '2015-10-24 17:26:07', NULL, 3000, '', 4, 1, '', '', '', '', '', '', 'mild', 'ugandian', 'restro'),
(92, 316, 31, 39, NULL, 'All', '2015-10-24 17:26:07', NULL, 28000, '', 4, 1, '', '', '', '', '', '', 'mild', 'ugandian', 'CS'),
(93, 438, 31, 40, NULL, 'All', '2015-10-24 17:28:43', NULL, 15000, '', 4, 1, '', '', '', '', '', '', 'mild', 'ugandian', 'BAR'),
(94, 470, 31, 40, NULL, 'All', '2015-10-24 17:28:43', NULL, 3000, '', 4, 1, '', '', '', '', '', '', 'mild', 'ugandian', 'restro'),
(95, 179, 31, 40, NULL, 'All', '2015-10-24 17:28:43', NULL, 27000, '', 4, 1, '', '', '', '', '', '', 'mild', 'ugandian', 'BH'),
(96, 170, 31, 6, NULL, 'All', '2015-10-24 17:30:52', NULL, 10000, '', 4, 1, '', '', '', '', '', '', 'ugandian', 'mild', 'CS'),
(97, 223, 31, 6, NULL, 'All', '2015-10-24 17:30:52', NULL, 24000, '', 4, 1, '', '', '', '', '', '', 'ugandian', 'mild', 'BH'),
(98, 387, 33, 25, NULL, 'All', '2015-10-25 13:08:39', NULL, 8000, '', 4, 8, '', '', '', '', '', '', 'medium', 'indian', 'BAR'),
(99, 470, 33, 25, NULL, 'All', '2015-10-25 13:08:39', NULL, 3000, '', 4, 3, '', '', '', '', '', '', 'medium', 'indian', 'restro'),
(100, 467, 33, 25, NULL, 'All', '2015-10-25 13:08:39', NULL, 8500, '', 4, 4, '', '', '', '', '', '', 'medium', 'indian', 'restro'),
(101, 179, 33, 25, NULL, 'All', '2015-10-25 13:08:39', NULL, 27000, '', 4, 2, '', '', '', '', '', '', 'medium', 'indian', 'BH'),
(102, 187, 33, 25, NULL, 'All', '2015-10-25 13:08:39', NULL, 5000, '', 4, 1, '', '', '', '', '', '', 'medium', 'indian', 'BH'),
(103, 195, 33, 25, NULL, 'All', '2015-10-25 13:08:39', NULL, 18000, '', 4, 3, '', '', '', '', '', '', 'medium', 'indian', 'BH'),
(104, 200, 33, 25, NULL, 'All', '2015-10-25 13:08:39', NULL, 19500, '', 4, 1, '', '', '', '', '', '', 'medium', 'indian', 'BH'),
(105, 475, 34, 5, NULL, 'All', '2015-10-25 14:13:33', NULL, 7000, '', 4, 1, '', '', '', '', '', '', 'spicy', 'ugandian', 'restro'),
(106, 179, 35, 0, NULL, 'All', '2015-10-25 14:23:02', NULL, 27000, '', 4, 1, '', '', '', '', '', '', 'mild', 'ugandian', 'BH'),
(107, 439, 35, 0, NULL, 'All', '2015-10-25 14:23:02', NULL, 600, '', 4, 1, '', '', '', '', '', '', 'mild', 'ugandian', 'BH'),
(108, 440, 35, 0, NULL, 'All', '2015-10-25 14:23:02', NULL, 600, '', 4, 1, '', '', '', '', '', '', 'mild', 'ugandian', 'BH'),
(114, 348, 37, 37, NULL, 'All', '2015-10-27 09:56:40', NULL, 9000, '', 4, 1, '', '', '', '', '', '', 'indian', 'mild', NULL),
(115, 363, 37, 37, NULL, 'All', '2015-10-27 09:56:40', NULL, 6000, '', 4, 1, '', '', '', '', '', '', 'indian', 'mild', NULL),
(116, 194, 37, 37, NULL, 'All', '2015-10-27 09:56:40', NULL, 19000, '', 4, 1, '', '', '', '', '', '', 'indian', 'mild', NULL),
(117, 199, 37, 37, NULL, 'All', '2015-10-27 09:56:40', NULL, 19000, '', 4, 1, '', '', '', '', '', '', 'indian', 'mild', NULL),
(118, 223, 37, 37, NULL, 'All', '2015-10-27 09:56:40', NULL, 24000, '', 4, 1, '', '', '', '', '', '', 'indian', 'mild', NULL),
(119, 238, 37, 37, NULL, 'All', '2015-10-27 09:56:40', NULL, 5000, '', 4, 1, '', '', '', '', '', '', 'indian', 'mild', NULL),
(120, 244, 37, 37, NULL, 'All', '2015-10-27 09:56:40', NULL, 7500, '', 4, 1, '', '', '', '', '', '', 'indian', 'mild', NULL),
(121, 245, 37, 37, NULL, 'All', '2015-10-27 09:56:40', NULL, 6500, '', 4, 1, '', '', '', '', '', '', 'indian', 'mild', NULL),
(122, 170, 37, 37, NULL, 'All', '2015-10-27 09:59:13', NULL, 10000, '', 4, 1, '', '', '', '', '', '', 'ugandian', 'mild', 'CS'),
(123, 464, 38, 17, NULL, 'All', '2015-10-27 10:32:37', NULL, 8500, '', 4, 1, '', '', '', '', '', '', 'mild', 'indian', 'restro'),
(124, 467, 38, 17, NULL, 'All', '2015-10-27 10:32:37', NULL, 8500, '', 4, 1, '', '', '', '', '', '', 'mild', 'indian', 'restro'),
(125, 223, 38, 17, NULL, 'All', '2015-10-27 10:32:38', NULL, 24000, '', 4, 1, '', '', '', '', '', '', 'mild', 'indian', 'BH'),
(126, 234, 38, 17, NULL, 'All', '2015-10-27 10:32:38', NULL, 25000, '', 4, 1, '', '', '', '', '', '', 'mild', 'indian', 'BH'),
(127, 240, 38, 17, NULL, 'All', '2015-10-27 10:32:38', NULL, 5000, '', 4, 2, '', '', '', '', '', '', 'mild', 'indian', 'BH'),
(128, 249, 38, 17, NULL, 'All', '2015-10-27 10:32:38', NULL, 20000, '', 4, 1, '', '', '', '', '', '', 'mild', 'indian', 'BH'),
(129, 363, 37, 37, NULL, 'All', '2015-10-27 10:33:41', NULL, 6000, '', 4, 1, '', '', '', '', '', '', 'indian', 'mild', 'bar'),
(130, 479, 39, 8, NULL, 'All', '2015-10-28 10:24:04', NULL, -0.01, '', 4, 4, '', '', '', '', '', '', 'medium', 'indian', 'bar'),
(131, 465, 39, 8, NULL, 'All', '2015-10-28 10:24:04', NULL, 9000, '', 4, 2, '', '', '', '', '', '', 'medium', 'indian', 'restro'),
(132, 179, 39, 8, NULL, 'All', '2015-10-28 10:24:04', NULL, 27000, '', 4, 2, '', '', '', '', '', '', 'medium', 'indian', 'BH'),
(133, 317, 40, 11, NULL, 'All', '2015-10-28 10:25:51', NULL, 20000, '', 4, 4, '', '', '', '', '', '', 'mild', 'ugandian', 'CS'),
(134, 479, 40, 11, NULL, 'All', '2015-10-28 10:28:35', NULL, -0.01, '', 4, 1, '', '', '', '', '', '', 'ugandian', 'mild', 'bar'),
(135, 470, 40, 11, NULL, 'All', '2015-10-28 10:28:35', NULL, 3000, '', 4, 3, '', '', '', '', '', '', 'ugandian', 'mild', 'restro'),
(136, 438, 41, 5, NULL, 'All', '2015-10-28 10:43:25', NULL, 15000, '', 4, 1, '', '', '', '', '', '', 'spicy', 'indian', 'BAR'),
(137, 485, 41, 5, NULL, 'All', '2015-10-28 10:43:25', NULL, 7500, '', 4, 1, '', '', '', '', '', '', 'spicy', 'indian', 'bar'),
(138, 195, 42, 20, NULL, 'All', '2015-10-30 10:26:49', NULL, 18000, '', 4, 1, '', '', '', '', '', '', 'mild', 'ugandian', 'BH'),
(139, 508, 42, 20, NULL, 'All', '2015-10-30 10:39:05', NULL, 7000, '', 4, 1, '', '', '', '', '', '', 'muzungu', 'mild', 'bar'),
(140, 470, 42, 20, NULL, 'All', '2015-10-30 10:40:53', NULL, 3000, '', 4, 2, '', '', '', '', '', '', 'ugandian', 'mild', 'restro'),
(141, 438, 43, 8, NULL, 'All', '2015-10-31 12:05:17', NULL, 15000, '', 4, 1, '', '', '', '', '', '', 'mild', 'indian', 'BAR'),
(143, 364, 45, 28, NULL, 'All', '2015-10-31 12:29:42', NULL, 5000, '', 4, 1, '', '', '', '', '', '', 'mild', 'muzungu', 'BAR'),
(144, 364, 46, 28, NULL, 'All', '2015-10-31 12:29:42', NULL, 5000, '', 4, 1, '', '', '', '', '', '', 'mild', 'muzungu', 'BAR'),
(153, 262, 43, 8, NULL, 'All', '2015-10-31 13:21:31', NULL, 14000, '', 4, 1, '', '', '', '', '', '', 'indian', 'mild', 'CS'),
(158, 495, 48, 30, NULL, 'All', '2015-11-03 10:02:06', NULL, 5000, '', 4, 1, '', '', '', '', '', '', 'indian', 'mild', NULL),
(159, 317, 48, 30, NULL, 'All', '2015-11-03 10:02:06', NULL, 20000, '', 4, 1, '', '', '', '', '', '', 'indian', 'mild', NULL),
(160, 369, 48, 30, NULL, 'All', '2015-11-03 10:06:13', NULL, 5000, '', 4, 1, '', '', '', '', '', '', 'indian', 'mild', 'BAR'),
(161, 470, 49, 29, NULL, 'All', '2015-11-03 10:10:37', NULL, 3000, '', 4, 2, '', '', '', '', '', '', 'mild', 'indian', 'restro'),
(162, 524, 49, 29, NULL, 'All', '2015-11-03 10:10:37', NULL, 6000, '', 4, 1, '', '', '', '', '', '', 'mild', 'indian', 'bar'),
(163, 479, 50, 3, NULL, 'All', '2015-11-03 15:26:50', NULL, -0.01, '', 4, 2, '', '', '', '', '', '', 'mild', 'indian', 'bar'),
(164, 464, 50, 3, NULL, 'All', '2015-11-03 15:26:50', NULL, 8500, '', 4, 1, '', '', '', '', '', '', 'mild', 'indian', 'restro'),
(165, 179, 50, 3, NULL, 'All', '2015-11-03 15:26:50', NULL, 27000, '', 4, 1, '', '', '', '', '', '', 'mild', 'indian', 'BH'),
(166, 195, 50, 3, NULL, 'All', '2015-11-03 15:26:50', NULL, 18000, '', 4, 1, '', '', '', '', '', '', 'mild', 'indian', 'BH'),
(188, 470, 55, 0, NULL, 'All', '2015-11-14 10:37:29', NULL, 3000, '', 4, 2, '', '', '', '', '', '', 'mild', 'ugandian', 'restro'),
(189, 318, 55, 0, NULL, 'All', '2015-11-14 10:37:29', NULL, 20000, '', 4, 1, '', '', '', '', '', '', 'mild', 'ugandian', 'CS'),
(190, 475, 56, 3, NULL, 'All', '2015-11-14 10:38:22', NULL, 7000, '', 4, 2, '', '', '', '', '', '', 'mild', 'ugandian', 'restro'),
(191, 491, 56, 3, NULL, 'All', '2015-11-14 10:38:22', NULL, 6500, '', 4, 2, '', '', '', '', '', '', 'mild', 'ugandian', 'bar'),
(195, 479, 58, 30, NULL, 'All', '2016-01-29 10:35:13', NULL, 3000, '', 4, 1, '', '', '', '', '', '', 'mild', 'ugandian', 'bar'),
(196, 464, 58, 30, NULL, 'All', '2016-01-29 10:35:13', NULL, 8500, '', 4, 1, '', '', '', '', '', '', 'mild', 'ugandian', 'restro'),
(197, 475, 58, 30, NULL, 'All', '2016-01-29 10:35:13', NULL, 7000, '', 4, 1, '', '', '', '', '', '', 'mild', 'ugandian', 'restro'),
(209, 179, 60, 35, NULL, 'All', '2016-01-29 11:49:47', NULL, 27000, '', 4, 2, '', '', '', '', '', '', 'mild', 'ugandian', 'BH'),
(210, 179, 61, 35, NULL, 'All', '2016-01-29 11:49:48', NULL, 27000, '', 4, 2, '', '', '', '', '', '', 'mild', 'ugandian', 'BH'),
(211, 195, 60, 35, NULL, 'All', '2016-01-29 11:49:48', NULL, 18000, '', 4, 1, '', '', '', '', '', '', 'mild', 'ugandian', 'BH'),
(212, 195, 61, 35, NULL, 'All', '2016-01-29 11:49:48', NULL, 18000, '', 4, 1, '', '', '', '', '', '', 'mild', 'ugandian', 'BH'),
(213, 359, 62, 7, NULL, 'All', '2016-01-29 14:25:45', NULL, 20000, '', 4, 2, '', '', '', '', '', '', 'mild', 'indian', 'BAR'),
(214, 438, 62, 7, NULL, 'All', '2016-01-29 14:25:45', NULL, 15000, '', 4, 1, '', '', '', '', '', '', 'mild', 'indian', 'BAR'),
(215, 479, 62, 7, NULL, 'All', '2016-01-29 14:25:45', NULL, 3000, '', 4, 2, '', '', '', '', '', '', 'mild', 'indian', 'bar'),
(216, 179, 62, 7, NULL, 'All', '2016-01-29 14:25:45', NULL, 27000, '', 4, 1, '', '', '', '', '', '', 'mild', 'indian', 'BH'),
(217, 208, 62, 7, NULL, 'All', '2016-01-29 14:25:45', NULL, 19000, '', 4, 1, '', '', '', '', '', '', 'mild', 'indian', 'BH'),
(218, 221, 62, 7, NULL, 'All', '2016-01-29 14:25:45', NULL, 24000, '', 4, 1, '', '', '', '', '', '', 'mild', 'indian', 'BH'),
(219, 241, 62, 7, NULL, 'All', '2016-01-29 14:25:45', NULL, 6000, '', 4, 2, '', '', '', '', '', '', 'mild', 'indian', 'BH'),
(220, 359, 63, 7, NULL, 'All', '2016-01-29 14:25:46', NULL, 20000, '', 4, 2, '', '', '', '', '', '', 'mild', 'indian', 'BAR'),
(221, 438, 63, 7, NULL, 'All', '2016-01-29 14:25:47', NULL, 15000, '', 4, 1, '', '', '', '', '', '', 'mild', 'indian', 'BAR'),
(222, 479, 63, 7, NULL, 'All', '2016-01-29 14:25:47', NULL, 3000, '', 4, 2, '', '', '', '', '', '', 'mild', 'indian', 'bar'),
(223, 179, 63, 7, NULL, 'All', '2016-01-29 14:25:47', NULL, 27000, '', 4, 1, '', '', '', '', '', '', 'mild', 'indian', 'BH'),
(224, 208, 63, 7, NULL, 'All', '2016-01-29 14:25:47', NULL, 19000, '', 4, 1, '', '', '', '', '', '', 'mild', 'indian', 'BH'),
(225, 221, 63, 7, NULL, 'All', '2016-01-29 14:25:47', NULL, 24000, '', 4, 1, '', '', '', '', '', '', 'mild', 'indian', 'BH'),
(226, 241, 63, 7, NULL, 'All', '2016-01-29 14:25:47', NULL, 6000, '', 4, 2, '', '', '', '', '', '', 'mild', 'indian', 'BH'),
(227, 359, 64, 7, NULL, 'All', '2016-01-29 14:25:49', NULL, 20000, '', 4, 2, '', '', '', '', '', '', 'mild', 'indian', 'BAR'),
(228, 438, 64, 7, NULL, 'All', '2016-01-29 14:25:49', NULL, 15000, '', 4, 1, '', '', '', '', '', '', 'mild', 'indian', 'BAR'),
(229, 479, 64, 7, NULL, 'All', '2016-01-29 14:25:49', NULL, 3000, '', 4, 2, '', '', '', '', '', '', 'mild', 'indian', 'bar'),
(230, 179, 64, 7, NULL, 'All', '2016-01-29 14:25:49', NULL, 27000, '', 4, 1, '', '', '', '', '', '', 'mild', 'indian', 'BH'),
(231, 208, 64, 7, NULL, 'All', '2016-01-29 14:25:49', NULL, 19000, '', 4, 1, '', '', '', '', '', '', 'mild', 'indian', 'BH'),
(232, 221, 64, 7, NULL, 'All', '2016-01-29 14:25:49', NULL, 24000, '', 4, 1, '', '', '', '', '', '', 'mild', 'indian', 'BH'),
(233, 241, 64, 7, NULL, 'All', '2016-01-29 14:25:49', NULL, 6000, '', 4, 2, '', '', '', '', '', '', 'mild', 'indian', 'BH'),
(234, 359, 65, 7, NULL, 'All', '2016-01-29 14:25:51', NULL, 20000, '', 4, 2, '', '', '', '', '', '', 'mild', 'indian', 'BAR'),
(235, 438, 65, 7, NULL, 'All', '2016-01-29 14:25:51', NULL, 15000, '', 4, 1, '', '', '', '', '', '', 'mild', 'indian', 'BAR'),
(236, 479, 65, 7, NULL, 'All', '2016-01-29 14:25:52', NULL, 3000, '', 4, 2, '', '', '', '', '', '', 'mild', 'indian', 'bar'),
(237, 179, 65, 7, NULL, 'All', '2016-01-29 14:25:52', NULL, 27000, '', 4, 1, '', '', '', '', '', '', 'mild', 'indian', 'BH'),
(238, 208, 65, 7, NULL, 'All', '2016-01-29 14:25:52', NULL, 19000, '', 4, 1, '', '', '', '', '', '', 'mild', 'indian', 'BH'),
(239, 221, 65, 7, NULL, 'All', '2016-01-29 14:25:52', NULL, 24000, '', 4, 1, '', '', '', '', '', '', 'mild', 'indian', 'BH'),
(240, 241, 65, 7, NULL, 'All', '2016-01-29 14:25:52', NULL, 6000, '', 4, 2, '', '', '', '', '', '', 'mild', 'indian', 'BH'),
(241, 359, 66, 7, NULL, 'All', '2016-01-29 14:25:54', NULL, 20000, '', 4, 2, '', '', '', '', '', '', 'mild', 'indian', 'BAR'),
(242, 438, 66, 7, NULL, 'All', '2016-01-29 14:25:54', NULL, 15000, '', 4, 1, '', '', '', '', '', '', 'mild', 'indian', 'BAR'),
(243, 479, 66, 7, NULL, 'All', '2016-01-29 14:25:54', NULL, 3000, '', 4, 2, '', '', '', '', '', '', 'mild', 'indian', 'bar'),
(244, 179, 66, 7, NULL, 'All', '2016-01-29 14:25:54', NULL, 27000, '', 4, 1, '', '', '', '', '', '', 'mild', 'indian', 'BH'),
(245, 208, 66, 7, NULL, 'All', '2016-01-29 14:25:54', NULL, 19000, '', 4, 1, '', '', '', '', '', '', 'mild', 'indian', 'BH'),
(246, 221, 66, 7, NULL, 'All', '2016-01-29 14:25:54', NULL, 24000, '', 4, 1, '', '', '', '', '', '', 'mild', 'indian', 'BH'),
(247, 241, 66, 7, NULL, 'All', '2016-01-29 14:25:54', NULL, 6000, '', 4, 2, '', '', '', '', '', '', 'mild', 'indian', 'BH'),
(248, 82, 67, 7, NULL, 'All', '2016-01-29 20:46:22', NULL, 10000, '', 4, 1, '', '', '', '', '', '', 'ugandian', 'mild', 'bar'),
(249, 180, 67, 7, NULL, 'All', '2016-01-29 20:46:22', NULL, 27000, '', 4, 2, '', '', '', '', '', '', 'ugandian', 'mild', 'BH'),
(250, 262, 67, 7, NULL, 'All', '2016-01-29 20:46:22', NULL, 14000, '', 4, 1, '', '', '', '', '', '', 'ugandian', 'mild', 'CS'),
(251, 179, 68, 0, NULL, 'All', '2016-01-30 09:54:20', NULL, 27000, '', 4, 3, '', '', '', '', '', '', 'medium', 'indian', 'BH'),
(252, 241, 68, 0, NULL, 'All', '2016-01-30 09:54:20', NULL, 6000, '', 4, 2, '', '', '', '', '', '', 'medium', 'indian', 'BH'),
(253, 179, 69, 0, NULL, 'All', '2016-01-30 10:19:35', NULL, 27000, '', 4, 1, '', '', '', '', '', '', 'medium', 'indian', 'BH'),
(254, 176, 70, 2, NULL, 'All', '2016-01-30 10:40:35', NULL, 18000, '', 4, 2, '', '', '', '', '', '', 'mild', 'indian', 'BH'),
(255, 176, 70, 2, NULL, 'All', '2016-01-30 10:41:10', NULL, 18000, '', 4, 2, '', '', '', '', '', '', 'indian', 'medium', 'BH'),
(256, 179, 70, 2, NULL, 'All', '2016-01-30 10:41:10', NULL, 27000, '', 4, 1, '', '', '', '', '', '', 'indian', 'medium', 'BH'),
(257, 438, 73, 27, NULL, 'All', '2016-02-08 10:53:10', NULL, 15000, '', 4, 1, '', '', '', '', '', '', 'mild', 'indian', 'BAR');

-- --------------------------------------------------------

--
-- Table structure for table `payment`
--

CREATE TABLE IF NOT EXISTS `payment` (
  `id` int(11) NOT NULL AUTO_INCREMENT,
  `paymenttype` int(11) DEFAULT NULL,
  `amount` float(11,2) DEFAULT NULL,
  `cash_tendered` float(11,2) DEFAULT NULL,
  `change` float(11,2) DEFAULT NULL,
  `tipamount` float(11,2) DEFAULT NULL,
  `couponcode` varchar(255) DEFAULT NULL,
  `order` int(11) DEFAULT NULL,
  `orderitem` int(11) DEFAULT NULL,
  `timestamp` timestamp NULL DEFAULT NULL ON UPDATE CURRENT_TIMESTAMP,
  `customername` varchar(255) DEFAULT NULL,
  `tax` float(11,2) DEFAULT NULL,
  `tablenumber` int(11) DEFAULT NULL,
  `customer_unique_id` varchar(255) DEFAULT NULL,
  `bill_html` text,
  `tax_amount` float(11,2) DEFAULT NULL,
  `discount` float(11,2) DEFAULT NULL,
  PRIMARY KEY (`id`)
) ENGINE=InnoDB  DEFAULT CHARSET=latin1 AUTO_INCREMENT=44 ;

--
-- Dumping data for table `payment`
--

INSERT INTO `payment` (`id`, `paymenttype`, `amount`, `cash_tendered`, `change`, `tipamount`, `couponcode`, `order`, `orderitem`, `timestamp`, `customername`, `tax`, `tablenumber`, `customer_unique_id`, `bill_html`, `tax_amount`, `discount`) VALUES
(1, NULL, 3000.00, 0.00, 3000.00, NULL, NULL, 2, NULL, NULL, '', 0.00, 1, NULL, NULL, 0.00, 0.00),
(2, NULL, 108000.00, 0.00, 108000.00, NULL, NULL, 11, NULL, NULL, '', 0.00, 7, NULL, NULL, 0.00, 0.00),
(3, NULL, 80000.00, 0.00, 80000.00, NULL, NULL, 10, NULL, NULL, '', 0.00, 6, NULL, NULL, 0.00, 0.00),
(4, NULL, 54000.00, 0.00, 54000.00, NULL, NULL, 1, NULL, NULL, '', 0.00, 55, NULL, NULL, 0.00, 0.00),
(5, NULL, 23970.00, 0.00, 23970.00, NULL, NULL, 14, NULL, NULL, 'patel', 0.00, 0, NULL, NULL, 0.00, 4230.00),
(6, NULL, 561999.94, 0.00, 561999.94, NULL, NULL, 15, NULL, NULL, '', 0.00, 19, NULL, NULL, 0.00, 0.00),
(7, NULL, 58200.00, 0.00, 58200.00, NULL, NULL, 18, NULL, NULL, 'rahul', 0.00, 0, NULL, NULL, 0.00, 0.00),
(8, NULL, 36000.00, 0.00, 36000.00, NULL, NULL, 27, NULL, NULL, '', 0.00, 5, NULL, NULL, 0.00, 0.00),
(9, NULL, 100000.00, 0.00, 100000.00, NULL, NULL, 32, NULL, NULL, '', 0.00, 4, NULL, NULL, 0.00, 0.00),
(10, NULL, 165999.98, 0.00, 165999.98, NULL, NULL, 31, NULL, NULL, '', 0.00, 6, NULL, NULL, 0.00, 0.00),
(11, NULL, 1242000.00, 0.00, 1242000.00, NULL, NULL, 30, NULL, NULL, '', 0.00, 32, NULL, NULL, 0.00, 0.00),
(12, NULL, 712000.00, 0.00, 712000.00, NULL, NULL, 33, NULL, NULL, '', 0.00, 25, NULL, NULL, 0.00, 0.00),
(13, NULL, 7000.00, 0.00, 7000.00, NULL, NULL, 34, NULL, NULL, '', 0.00, 5, NULL, NULL, 0.00, 0.00),
(14, NULL, 28200.00, 0.00, 28200.00, NULL, NULL, 35, NULL, NULL, 'david', 0.00, 0, NULL, NULL, 0.00, 0.00),
(15, NULL, 91000.00, 0.00, 91000.00, NULL, NULL, 38, NULL, NULL, '', 0.00, 17, NULL, NULL, 0.00, 0.00),
(16, NULL, 112000.00, 0.00, 112000.00, NULL, NULL, 37, NULL, NULL, '', 0.00, 37, NULL, NULL, 0.00, 0.00),
(17, NULL, 143999.95, 0.00, 143999.95, NULL, NULL, 39, NULL, NULL, '', 0.00, 8, NULL, NULL, 0.00, 0.00),
(18, NULL, 22500.00, 0.00, 22500.00, NULL, NULL, 41, NULL, NULL, '', 0.00, 5, NULL, NULL, 0.00, 0.00),
(19, NULL, 91999.96, 0.00, 91999.96, NULL, NULL, 40, NULL, NULL, '', 0.00, 11, NULL, NULL, 0.00, 0.00),
(20, NULL, 28000.00, 0.00, 28000.00, NULL, NULL, 42, NULL, NULL, '', 0.00, 20, NULL, NULL, 0.00, 0.00),
(21, NULL, 5000.00, 0.00, 5000.00, NULL, NULL, 45, NULL, NULL, '', 0.00, 28, NULL, NULL, 0.00, 0.00),
(22, NULL, 5000.00, 0.00, 5000.00, NULL, NULL, 46, NULL, NULL, '', 0.00, 28, NULL, NULL, 0.00, 0.00),
(23, NULL, 29000.00, 0.00, 29000.00, NULL, NULL, 43, NULL, NULL, '', 0.00, 8, NULL, NULL, 0.00, 0.00),
(24, NULL, 30000.00, 0.00, 30000.00, NULL, NULL, 48, NULL, NULL, '', 0.00, 30, NULL, NULL, 0.00, 0.00),
(25, NULL, 18000.00, 0.00, 18000.00, NULL, NULL, 49, NULL, NULL, '', 0.00, 29, NULL, NULL, 0.00, 0.00),
(26, NULL, 106999.98, 0.00, 106999.98, NULL, NULL, 50, NULL, NULL, '', 0.00, 3, NULL, NULL, 0.00, 0.00),
(27, NULL, 106999.98, 0.00, 106999.98, NULL, NULL, 50, NULL, NULL, '', 0.00, 3, NULL, NULL, 0.00, 0.00),
(28, NULL, 46000.00, 0.00, 46000.00, NULL, NULL, 55, NULL, NULL, 'annet', 0.00, 0, NULL, NULL, 0.00, 0.00),
(29, NULL, 27000.00, 0.00, 27000.00, NULL, NULL, 56, NULL, NULL, '', 0.00, 3, NULL, NULL, 0.00, 0.00),
(30, NULL, 228000.00, 0.00, 228000.00, NULL, NULL, 63, NULL, NULL, '', 0.00, 7, NULL, NULL, 0.00, 0.00),
(31, NULL, 18500.00, 0.00, 18500.00, NULL, NULL, 58, NULL, NULL, '', 0.00, 30, NULL, NULL, 0.00, 0.00),
(32, NULL, 90000.00, 0.00, 90000.00, NULL, NULL, 60, NULL, NULL, '', 0.00, 35, NULL, NULL, 0.00, 0.00),
(33, NULL, 90000.00, 0.00, 90000.00, NULL, NULL, 61, NULL, NULL, '', 0.00, 35, NULL, NULL, 0.00, 0.00),
(34, NULL, 228000.00, 0.00, 228000.00, NULL, NULL, 62, NULL, NULL, '', 0.00, 7, NULL, NULL, 0.00, 0.00),
(35, NULL, 228000.00, 0.00, 228000.00, NULL, NULL, 64, NULL, NULL, '', 0.00, 7, NULL, NULL, 0.00, 0.00),
(36, NULL, 228000.00, 0.00, 228000.00, NULL, NULL, 65, NULL, NULL, '', 0.00, 7, NULL, NULL, 0.00, 0.00),
(37, NULL, 228000.00, 0.00, 228000.00, NULL, NULL, 66, NULL, NULL, '', 0.00, 7, NULL, NULL, 0.00, 0.00),
(38, NULL, 51000.00, 0.00, 51000.00, NULL, NULL, 67, NULL, NULL, '', 0.00, 7, NULL, NULL, 0.00, 0.00),
(39, NULL, 27000.00, 0.00, 27000.00, NULL, NULL, 69, NULL, NULL, 'hello food', 0.00, 0, NULL, NULL, 0.00, 0.00),
(40, NULL, 99000.00, 0.00, 99000.00, NULL, NULL, 68, NULL, NULL, 'jalesh', 0.00, 0, NULL, NULL, 0.00, 0.00),
(41, NULL, 27000.00, 0.00, 27000.00, NULL, NULL, 69, NULL, NULL, 'hello food', 0.00, 0, NULL, NULL, 0.00, 0.00),
(42, NULL, 126000.00, 0.00, 126000.00, NULL, NULL, 70, NULL, NULL, '', 0.00, 1, NULL, NULL, 0.00, 0.00),
(43, NULL, 15000.00, 0.00, 15000.00, NULL, NULL, 73, NULL, NULL, '', 0.00, 27, NULL, NULL, 0.00, 0.00);

-- --------------------------------------------------------

--
-- Table structure for table `sidebar_menus`
--

CREATE TABLE IF NOT EXISTS `sidebar_menus` (
  `id` int(11) NOT NULL AUTO_INCREMENT,
  `menu_name` varchar(255) DEFAULT NULL,
  `icon` varchar(255) DEFAULT NULL,
  `menu_url` varchar(255) DEFAULT NULL,
  `parent_id` int(11) DEFAULT NULL,
  `active_status` tinyint(4) DEFAULT NULL,
  `for_panel` varchar(255) DEFAULT NULL,
  `order` int(11) DEFAULT NULL,
  PRIMARY KEY (`id`)
) ENGINE=InnoDB  DEFAULT CHARSET=latin1 AUTO_INCREMENT=34 ;

--
-- Dumping data for table `sidebar_menus`
--

INSERT INTO `sidebar_menus` (`id`, `menu_name`, `icon`, `menu_url`, `parent_id`, `active_status`, `for_panel`, `order`) VALUES
(1, 'Dashboard', 'fa-tachometer', 'dashboard', 0, 0, 'Manager', 1),
(2, 'Orders', 'fa-bell-o', 'orders', 0, 0, 'Manager', 2),
(4, 'Assign Table', 'fa-edit', 'assign/assign-info', 0, 0, 'Manager', 6),
(5, 'User', 'fa-lock', 'useraccounts', 0, 0, 'Manager', 7),
(6, 'Software Setup', 'fa-wrench', '#', 0, 0, 'Manager', 10),
(7, 'Dashboard', 'fa-user', 'orders', 0, 0, 'Kitchen', 0),
(8, 'Inventory', NULL, 'inventory', 0, 0, 'Kitchen', 0),
(9, 'Ingredients', NULL, 'ingredients', 0, 0, 'Kitchen', 0),
(11, 'Disable Menu', NULL, 'menuitems', 0, 0, 'Kitchen', 0),
(12, 'Masters', 'fa-user', '#', 0, 0, 'Manager', 13),
(13, 'Menu Type', NULL, 'menutype', 12, 0, 'Manager', 14),
(14, 'Menu items', NULL, 'menuitems', 12, 0, 'Manager', 14),
(15, 'Email Setup', NULL, 'email', 6, 0, 'Manager', 11),
(16, 'Genral Setup', '', 'configruation', 6, 0, 'Manager', 12),
(17, 'Inventory', 'fa-credit-card', 'inventory', 0, 0, 'Manager', 4),
(18, 'Utilities', 'fa-plus-square', 'utilities', 0, 0, 'Manager', 8),
(19, 'My Orders', 'fa-user', 'myorders', 0, 0, 'Waiter', 2),
(20, 'All Orders', NULL, 'orders', 0, 0, 'Waiter', 3),
(21, 'Help Request', NULL, 'helprequests', 0, 0, 'Waiter', 4),
(22, 'Refil Request', NULL, 'refillrequests', 0, 0, 'Waiter', 5),
(23, 'Dashboard', 'fa-tachometer', 'dashboard', 0, 0, 'Waiter', 1),
(24, 'Change Table', NULL, 'changetable', 18, 0, 'Manager', 9),
(26, 'Notifications Type', NULL, 'notification_list', 12, 0, 'Manager', 15),
(27, 'Dashboard', 'tachometer', 'dashboard', 0, 0, 'Admin', 1),
(28, 'Reports', 'fa-print', 'reports', 0, 0, 'Admin', 2),
(29, 'Stock Report', NULL, 'stock', 28, 0, 'Admin', 3),
(30, 'Payment Report', NULL, 'payment', 28, 0, 'Admin', 4),
(31, 'Disable Men', 'fa-plus-square', 'menu_utilty', 18, NULL, 'Manager', 16),
(32, 'Accounts', 'fa-dollar', 'accounts', 0, 0, 'Manager', 5),
(33, 'Ingredients', NULL, 'ingredients', 0, 0, 'Manager', 3);

-- --------------------------------------------------------

--
-- Table structure for table `staff`
--

CREATE TABLE IF NOT EXISTS `staff` (
  `id` int(11) NOT NULL AUTO_INCREMENT,
  `fname` varchar(64) NOT NULL,
  `lname` varchar(64) NOT NULL,
  `role` int(11) NOT NULL,
  `logincode` varchar(11) NOT NULL,
  `uname` varchar(40) NOT NULL,
  `pic` varchar(255) DEFAULT NULL,
  `delete` tinyint(4) DEFAULT NULL,
  PRIMARY KEY (`id`),
  KEY `logincode` (`logincode`) USING BTREE
) ENGINE=InnoDB  DEFAULT CHARSET=latin1 AUTO_INCREMENT=85 ;

--
-- Dumping data for table `staff`
--

INSERT INTO `staff` (`id`, `fname`, `lname`, `role`, `logincode`, `uname`, `pic`, `delete`) VALUES
(68, 'Apophia ', 'Apo', 2, 'Admin', 'Admin', '20150811_190316.jpg', 0),
(69, 'Mayo', 'Less', 1, 'kitchen', 'kitchen', 'kitchen.jpg', 1),
(70, 'Kenedy', 'Mafabi', 0, 'Ken', 'John', 'DSC_0390.jpg', 0),
(74, 'Martin', 'Martin', 0, 'Mat', 'Shisha', '.jpg', 0),
(75, 'Doreen', 'Nantami', 0, 'Dor', 'Doreen', '.jpg', 0),
(79, 'Juliet', 'Busingye', 0, 'Juli', 'Julie', '.jpg', 0),
(80, 'Enock', 'Mulema', 0, 'eno', 'Enock', 'DSC_0481.jpg', 0),
(81, 'Mate', 'Macline', 2, 'Adm', 'Admin', '20150912_155645.jpg', 0),
(83, 'Patrick', 'Nyakoojo', 0, 'pat', 'Patrick', '.jpg', 0),
(84, 'Tina', 'Nyakarungi', 0, 'Tina', 'Hostess', 'default.png', 0);

-- --------------------------------------------------------

--
-- Table structure for table `status`
--

CREATE TABLE IF NOT EXISTS `status` (
  `id` int(11) NOT NULL AUTO_INCREMENT,
  `status` varchar(255) DEFAULT NULL,
  `order` int(11) DEFAULT NULL,
  `bgcolor` varchar(255) DEFAULT NULL,
  `color` varchar(255) DEFAULT NULL,
  PRIMARY KEY (`id`)
) ENGINE=InnoDB  DEFAULT CHARSET=latin1 AUTO_INCREMENT=6 ;

--
-- Dumping data for table `status`
--

INSERT INTO `status` (`id`, `status`, `order`, `bgcolor`, `color`) VALUES
(1, 'Processed', 2, '#0fff0f', '#000000'),
(2, 'Ready To Deliver', 3, '#ffff00', '#000000'),
(3, 'Deliver', 4, '#008000', '#ffffff'),
(4, 'Paid', 5, '#ff0000', '#ffff99'),
(5, 'order placed', 1, '#ff66ff', '#ffffff');

-- --------------------------------------------------------

--
-- Table structure for table `status_copy`
--

CREATE TABLE IF NOT EXISTS `status_copy` (
  `id` int(11) NOT NULL AUTO_INCREMENT,
  `status` varchar(255) DEFAULT NULL,
  `order` int(11) DEFAULT NULL,
  `bgcolor` varchar(255) DEFAULT NULL,
  `color` varchar(255) DEFAULT NULL,
  PRIMARY KEY (`id`)
) ENGINE=InnoDB  DEFAULT CHARSET=latin1 AUTO_INCREMENT=8 ;

--
-- Dumping data for table `status_copy`
--

INSERT INTO `status_copy` (`id`, `status`, `order`, `bgcolor`, `color`) VALUES
(1, 'Ready To Deliver', 3, NULL, NULL),
(2, 'Deliver', 4, NULL, NULL),
(3, 'Paid', 5, NULL, NULL),
(4, 'test', 6, 'ff6600', 'ffff00'),
(5, 'gh', 7, '#ffffff', '#ff6600'),
(6, 'order placed', 5, '#ff6600', '#ffffff'),
(7, 'Processed', 2, NULL, NULL);

-- --------------------------------------------------------

--
-- Table structure for table `stock`
--

CREATE TABLE IF NOT EXISTS `stock` (
  `id` int(20) NOT NULL AUTO_INCREMENT,
  `ing_id` int(20) NOT NULL,
  `add_date` date NOT NULL,
  `add_date_time` time NOT NULL,
  `available` int(20) NOT NULL,
  `type` int(20) NOT NULL,
  `quantity` int(50) NOT NULL,
  `supplier` varchar(50) NOT NULL,
  `ing_name` varchar(80) NOT NULL,
  `ing_type` varchar(200) NOT NULL,
  PRIMARY KEY (`id`)
) ENGINE=InnoDB  DEFAULT CHARSET=latin1 AUTO_INCREMENT=36 ;

--
-- Dumping data for table `stock`
--

INSERT INTO `stock` (`id`, `ing_id`, `add_date`, `add_date_time`, `available`, `type`, `quantity`, `supplier`, `ing_name`, `ing_type`) VALUES
(1, 226, '2015-10-22', '00:00:00', 0, 0, 0, '', 'SODA', ''),
(2, 227, '2015-10-25', '00:00:00', 0, 0, 0, '', 'fresh lime soda', ''),
(3, 228, '2015-10-25', '00:00:00', 0, 0, 0, '', 'Lassi (Sweet/Salty)', ''),
(4, 229, '2015-10-25', '00:00:00', 0, 0, 0, '', 'red bull', ''),
(5, 230, '2015-10-25', '00:00:00', 0, 0, 0, '', 'passion juice\\ pineapple', ''),
(6, 231, '2015-10-25', '00:00:00', 0, 0, 0, '', 'Orange Juice', ''),
(7, 232, '2015-10-25', '00:00:00', 0, 0, 0, '', 'Watermelon Juice', ''),
(8, 233, '2015-10-25', '00:00:00', 0, 0, 0, '', 'Cocktail Juice', ''),
(9, 234, '2015-10-25', '00:00:00', 0, 0, 0, '', 'African tea', ''),
(10, 235, '2015-10-25', '00:00:00', 0, 0, 0, '', 'Indian Masala Tea', ''),
(11, 236, '2015-10-25', '00:00:00', 0, 0, 0, '', 'Dawa', ''),
(12, 237, '2015-10-25', '00:00:00', 0, 0, 0, '', 'Green tea', ''),
(13, 238, '2015-10-25', '00:00:00', 0, 0, 0, '', 'English tea', ''),
(14, 239, '2015-10-25', '00:00:00', 0, 0, 0, '', 'Black Tea', ''),
(15, 240, '2015-10-25', '00:00:00', 0, 0, 0, '', 'Herbal Tea', ''),
(16, 241, '2015-10-25', '00:00:00', 0, 0, 0, '', 'Lemon Tea', ''),
(17, 242, '2015-10-25', '00:00:00', 0, 0, 0, '', 'Chai Latte', ''),
(18, 243, '2015-10-25', '00:00:00', 0, 0, 0, '', 'hot Choclate, Black/White', ''),
(19, 244, '2015-10-25', '00:00:00', 0, 0, 0, '', 'affogatto', ''),
(20, 245, '2015-10-25', '00:00:00', 0, 0, 0, '', 'iced mocha', ''),
(21, 246, '2015-10-25', '00:00:00', 0, 0, 0, '', 'iced coffee', ''),
(22, 247, '2015-10-25', '00:00:00', 0, 0, 0, '', 'iced latte', ''),
(23, 248, '2015-10-25', '00:00:00', 0, 0, 0, '', 'iced americano', ''),
(24, 249, '2015-10-25', '00:00:00', 0, 0, 0, '', 'iced tea', ''),
(25, 250, '2015-10-25', '00:00:00', 0, 0, 0, '', 'espresso single', ''),
(26, 251, '2015-10-25', '00:00:00', 0, 0, 0, '', 'espresso double', ''),
(27, 252, '2015-10-25', '00:00:00', 0, 0, 0, '', 'cappucino single', ''),
(28, 253, '2015-10-25', '00:00:00', 0, 0, 0, '', 'cappucino double', ''),
(29, 254, '2015-10-25', '00:00:00', 0, 0, 0, '', 'cafe latte single', ''),
(30, 255, '2015-10-25', '00:00:00', 0, 0, 0, '', 'cafe latte double', ''),
(31, 256, '2015-10-25', '00:00:00', 0, 0, 0, '', 'cafe mocha', ''),
(32, 257, '2015-10-25', '00:00:00', 0, 0, 0, '', 'macchiatto double', ''),
(33, 258, '2015-10-25', '00:00:00', 0, 0, 0, '', 'macchiatto double', ''),
(34, 259, '2015-11-03', '00:00:00', 0, 0, 0, '', 'black coffee', ''),
(35, 260, '2016-01-30', '00:00:00', 0, 0, 0, '', 'strawberry blast', '');

-- --------------------------------------------------------

--
-- Table structure for table `stock_transaction`
--

CREATE TABLE IF NOT EXISTS `stock_transaction` (
  `id` int(11) NOT NULL AUTO_INCREMENT,
  `item_id` int(11) DEFAULT NULL,
  `qty` int(11) DEFAULT NULL,
  `type` varchar(255) DEFAULT NULL,
  `date` date DEFAULT NULL,
  `price` decimal(10,0) DEFAULT NULL,
  `unit` varchar(10) DEFAULT NULL,
  PRIMARY KEY (`id`)
) ENGINE=InnoDB DEFAULT CHARSET=latin1 AUTO_INCREMENT=1 ;

-- --------------------------------------------------------

--
-- Table structure for table `suppliers`
--

CREATE TABLE IF NOT EXISTS `suppliers` (
  `id` int(11) NOT NULL AUTO_INCREMENT,
  `name` varchar(255) DEFAULT NULL,
  `address` varchar(255) DEFAULT NULL,
  `phone_no` int(11) DEFAULT NULL,
  `email` varchar(255) DEFAULT NULL,
  PRIMARY KEY (`id`)
) ENGINE=InnoDB DEFAULT CHARSET=latin1 AUTO_INCREMENT=1 ;

-- --------------------------------------------------------

--
-- Table structure for table `table`
--

CREATE TABLE IF NOT EXISTS `table` (
  `id` int(11) NOT NULL AUTO_INCREMENT,
  `tablenumber` int(11) NOT NULL,
  `tabletnumber` int(11) NOT NULL,
  `inuse` tinyint(1) NOT NULL DEFAULT '0',
  `notes` text,
  `waiter_id` int(11) DEFAULT NULL,
  `reserved` int(10) NOT NULL,
  `res_cust_name` varchar(100) NOT NULL,
  `res_time_from` varchar(100) NOT NULL,
  `res_time_to` varchar(100) NOT NULL,
  PRIMARY KEY (`id`),
  UNIQUE KEY `tablenumber` (`tablenumber`,`tabletnumber`),
  KEY `tabletnumber` (`tabletnumber`)
) ENGINE=InnoDB  DEFAULT CHARSET=latin1 AUTO_INCREMENT=68 ;

--
-- Dumping data for table `table`
--

INSERT INTO `table` (`id`, `tablenumber`, `tabletnumber`, `inuse`, `notes`, `waiter_id`, `reserved`, `res_cust_name`, `res_time_from`, `res_time_to`) VALUES
(36, 55, 55, 0, NULL, 70, 0, '', '', ''),
(37, 1, 1, 0, NULL, 70, 0, '', '', ''),
(38, 2, 2, 1, NULL, 74, 0, '', '', ''),
(39, 3, 3, 0, NULL, 75, 0, '', '', ''),
(40, 4, 4, 0, NULL, 79, 0, '', '', ''),
(42, 6, 6, 0, NULL, 83, 0, '', '', ''),
(43, 7, 7, 0, NULL, 84, 0, '', '', ''),
(44, 19, 19, 0, NULL, 83, 0, '', '', ''),
(45, 38, 38, 1, NULL, 70, 0, '', '', ''),
(46, 28, 28, 0, NULL, 70, 0, '', '', ''),
(47, 22, 22, 0, NULL, 70, 0, '', '', ''),
(49, 11, 11, 0, NULL, 79, 0, '', '', ''),
(51, 12, 12, 0, NULL, 80, 0, '', '', ''),
(52, 32, 32, 0, NULL, 79, 0, '', '', ''),
(53, 36, 36, 1, NULL, 75, 0, '', '', ''),
(54, 39, 39, 1, NULL, 80, 0, '', '', ''),
(55, 40, 40, 1, NULL, 80, 0, '', '', ''),
(56, 25, 25, 0, NULL, 80, 0, '', '', ''),
(57, 5, 5, 0, NULL, 84, 0, '', '', ''),
(58, 21, 21, 0, NULL, 79, 0, '', '', ''),
(59, 37, 37, 0, NULL, 83, 0, '', '', ''),
(60, 17, 17, 0, NULL, 70, 0, '', '', ''),
(61, 8, 8, 0, NULL, 80, 0, '', '', ''),
(62, 20, 20, 0, NULL, 83, 0, '', '', ''),
(63, 30, 30, 0, NULL, 83, 0, '', '', ''),
(64, 29, 29, 0, NULL, 83, 0, '', '', ''),
(65, 31, 31, 0, NULL, 75, 0, '', '', ''),
(66, 35, 35, 0, NULL, 75, 0, '', '', ''),
(67, 27, 27, 0, NULL, 75, 0, '', '', '');

-- --------------------------------------------------------

--
-- Table structure for table `tabletnotification`
--

CREATE TABLE IF NOT EXISTS `tabletnotification` (
  `id` int(11) NOT NULL AUTO_INCREMENT,
  `type` int(11) NOT NULL DEFAULT '0',
  `description` text NOT NULL,
  `acceptedby` int(11) DEFAULT NULL,
  `tablenumber` int(11) NOT NULL,
  `tabletnumber` int(11) NOT NULL,
  `waiter_id` int(11) NOT NULL,
  `orderid` int(11) NOT NULL,
  `datetime` timestamp NOT NULL DEFAULT CURRENT_TIMESTAMP,
  `cust_name` varchar(100) NOT NULL,
  PRIMARY KEY (`id`),
  KEY `acceptedby` (`acceptedby`),
  KEY `tablenumber` (`tablenumber`,`tabletnumber`),
  KEY `tabletnumber` (`tabletnumber`)
) ENGINE=InnoDB DEFAULT CHARSET=latin1 AUTO_INCREMENT=1 ;

-- --------------------------------------------------------

--
-- Table structure for table `temp_your_order`
--

CREATE TABLE IF NOT EXISTS `temp_your_order` (
  `id` int(10) NOT NULL AUTO_INCREMENT,
  `itemid` int(10) NOT NULL,
  `itemname` varchar(200) NOT NULL,
  `ingredients` varchar(80) NOT NULL,
  `price` decimal(20,0) NOT NULL,
  `cust_name` varchar(80) NOT NULL,
  `orderid` int(10) NOT NULL,
  `item_img` varchar(200) NOT NULL,
  `quantity` int(20) NOT NULL,
  `table_no` int(10) NOT NULL,
  `waiter_id` int(10) NOT NULL,
  `notes` varchar(100) NOT NULL,
  PRIMARY KEY (`id`)
) ENGINE=InnoDB  DEFAULT CHARSET=latin1 AUTO_INCREMENT=2 ;

--
-- Dumping data for table `temp_your_order`
--

INSERT INTO `temp_your_order` (`id`, `itemid`, `itemname`, `ingredients`, `price`, `cust_name`, `orderid`, `item_img`, `quantity`, `table_no`, `waiter_id`, `notes`) VALUES
(1, 160, 'Vegetarian Biryani', 'All', '54000', '', 0, 'http://115.115.176.139/demo/resgit/assets/dishes/160.jpg', 2, 9, 0, '0');

-- --------------------------------------------------------

--
-- Table structure for table `transaction`
--

CREATE TABLE IF NOT EXISTS `transaction` (
  `id` int(11) NOT NULL AUTO_INCREMENT,
  `order_id` int(11) DEFAULT NULL,
  `amount` float(11,4) DEFAULT NULL,
  `transaction_date` date DEFAULT NULL,
  `transaction_type` varchar(255) DEFAULT NULL,
  `narration` text,
  `supplier_id` int(11) DEFAULT NULL,
  `staff_id` int(11) DEFAULT NULL,
  `payment_against` varchar(255) DEFAULT NULL,
  `mode` varchar(255) DEFAULT NULL,
  PRIMARY KEY (`id`)
) ENGINE=InnoDB  DEFAULT CHARSET=latin1 AUTO_INCREMENT=44 ;

--
-- Dumping data for table `transaction`
--

INSERT INTO `transaction` (`id`, `order_id`, `amount`, `transaction_date`, `transaction_type`, `narration`, `supplier_id`, `staff_id`, `payment_against`, `mode`) VALUES
(1, 2, 3000.0000, '2015-10-22', 'Received', 'Payment Against OrderID :: 2', NULL, NULL, NULL, NULL),
(2, 11, 108000.0000, '2015-10-23', 'Received', 'Payment Against OrderID :: 11', NULL, NULL, NULL, NULL),
(3, 10, 80000.0000, '2015-10-23', 'Received', 'Payment Against OrderID :: 10', NULL, NULL, NULL, NULL),
(4, 1, 54000.0000, '2015-10-23', 'Received', 'Payment Against OrderID :: 1', NULL, NULL, NULL, NULL),
(5, 14, 28200.0000, '2015-10-23', 'Received', 'Payment Against OrderID :: 14', NULL, NULL, NULL, NULL),
(6, 15, 561999.9375, '2015-10-23', 'Received', 'Payment Against OrderID :: 15', NULL, NULL, NULL, NULL),
(7, 18, 58200.0000, '2015-10-23', 'Received', 'Payment Against OrderID :: 18', NULL, NULL, NULL, NULL),
(8, 27, 36000.0000, '2015-10-23', 'Received', 'Payment Against OrderID :: 27', NULL, NULL, NULL, NULL),
(9, 32, 100000.0000, '2015-10-25', 'Received', 'Payment Against OrderID :: 32', NULL, NULL, NULL, NULL),
(10, 31, 165999.9844, '2015-10-25', 'Received', 'Payment Against OrderID :: 31', NULL, NULL, NULL, NULL),
(11, 30, 1242000.0000, '2015-10-25', 'Received', 'Payment Against OrderID :: 30', NULL, NULL, NULL, NULL),
(12, 33, 712000.0000, '2015-10-26', 'Received', 'Payment Against OrderID :: 33', NULL, NULL, NULL, NULL),
(13, 34, 7000.0000, '2015-10-26', 'Received', 'Payment Against OrderID :: 34', NULL, NULL, NULL, NULL),
(14, 35, 28200.0000, '2015-10-26', 'Received', 'Payment Against OrderID :: 35', NULL, NULL, NULL, NULL),
(15, 38, 91000.0000, '2015-10-28', 'Received', 'Payment Against OrderID :: 38', NULL, NULL, NULL, NULL),
(16, 37, 112000.0000, '2015-10-28', 'Received', 'Payment Against OrderID :: 37', NULL, NULL, NULL, NULL),
(17, 39, 143999.9531, '2015-10-28', 'Received', 'Payment Against OrderID :: 39', NULL, NULL, NULL, NULL),
(18, 41, 22500.0000, '2015-10-30', 'Received', 'Payment Against OrderID :: 41', NULL, NULL, NULL, NULL),
(19, 40, 91999.9609, '2015-10-30', 'Received', 'Payment Against OrderID :: 40', NULL, NULL, NULL, NULL),
(20, 42, 28000.0000, '2015-10-31', 'Received', 'Payment Against OrderID :: 42', NULL, NULL, NULL, NULL),
(21, 45, 5000.0000, '2015-10-31', 'Received', 'Payment Against OrderID :: 45', NULL, NULL, NULL, NULL),
(22, 46, 5000.0000, '2015-10-31', 'Received', 'Payment Against OrderID :: 46', NULL, NULL, NULL, NULL),
(23, 43, 29000.0000, '2015-10-31', 'Received', 'Payment Against OrderID :: 43', NULL, NULL, NULL, NULL),
(24, 48, 30000.0000, '2015-11-05', 'Received', 'Payment Against OrderID :: 48', NULL, NULL, NULL, NULL),
(25, 49, 18000.0000, '2015-11-05', 'Received', 'Payment Against OrderID :: 49', NULL, NULL, NULL, NULL),
(26, 50, 106999.9766, '2015-11-05', 'Received', 'Payment Against OrderID :: 50', NULL, NULL, NULL, NULL),
(27, 50, 106999.9766, '2015-11-05', 'Received', 'Payment Against OrderID :: 50', NULL, NULL, NULL, NULL),
(28, 55, 46000.0000, '2016-01-28', 'Received', 'Payment Against OrderID :: 55', NULL, NULL, NULL, NULL),
(29, 56, 27000.0000, '2016-01-28', 'Received', 'Payment Against OrderID :: 56', NULL, NULL, NULL, NULL),
(30, 63, 228000.0000, '2016-01-29', 'Received', 'Payment Against OrderID :: 63', NULL, NULL, NULL, NULL),
(31, 58, 18500.0000, '2016-01-29', 'Received', 'Payment Against OrderID :: 58', NULL, NULL, NULL, NULL),
(32, 60, 90000.0000, '2016-01-29', 'Received', 'Payment Against OrderID :: 60', NULL, NULL, NULL, NULL),
(33, 61, 90000.0000, '2016-01-29', 'Received', 'Payment Against OrderID :: 61', NULL, NULL, NULL, NULL),
(34, 62, 228000.0000, '2016-01-29', 'Received', 'Payment Against OrderID :: 62', NULL, NULL, NULL, NULL),
(35, 64, 228000.0000, '2016-01-29', 'Received', 'Payment Against OrderID :: 64', NULL, NULL, NULL, NULL),
(36, 65, 228000.0000, '2016-01-29', 'Received', 'Payment Against OrderID :: 65', NULL, NULL, NULL, NULL),
(37, 66, 228000.0000, '2016-01-29', 'Received', 'Payment Against OrderID :: 66', NULL, NULL, NULL, NULL),
(38, 67, 51000.0000, '2016-01-29', 'Received', 'Payment Against OrderID :: 67', NULL, NULL, NULL, NULL),
(39, 69, 27000.0000, '2016-01-30', 'Received', 'Payment Against OrderID :: 69', NULL, NULL, NULL, NULL),
(40, 68, 99000.0000, '2016-01-30', 'Received', 'Payment Against OrderID :: 68', NULL, NULL, NULL, NULL),
(41, 69, 27000.0000, '2016-01-30', 'Received', 'Payment Against OrderID :: 69', NULL, NULL, NULL, NULL),
(42, 70, 126000.0000, '2016-01-30', 'Received', 'Payment Against OrderID :: 70', NULL, NULL, NULL, NULL),
(43, 73, 15000.0000, '2016-02-08', 'Received', 'Payment Against OrderID :: 73', NULL, NULL, NULL, NULL);

--
-- Constraints for dumped tables
--

--
-- Constraints for table `notification`
--
ALTER TABLE `notification`
  ADD CONSTRAINT `notification_ibfk_1` FOREIGN KEY (`acceptby`) REFERENCES `staff` (`id`) ON DELETE CASCADE ON UPDATE CASCADE;

--
-- Constraints for table `tabletnotification`
--
ALTER TABLE `tabletnotification`
  ADD CONSTRAINT `tabletnotification_ibfk_1` FOREIGN KEY (`acceptedby`) REFERENCES `staff` (`id`) ON DELETE CASCADE ON UPDATE CASCADE,
  ADD CONSTRAINT `tabletnotification_ibfk_2` FOREIGN KEY (`tablenumber`) REFERENCES `table` (`tablenumber`) ON DELETE CASCADE ON UPDATE CASCADE,
  ADD CONSTRAINT `tabletnotification_ibfk_3` FOREIGN KEY (`tabletnumber`) REFERENCES `table` (`tabletnumber`) ON DELETE CASCADE ON UPDATE CASCADE;

/*!40101 SET CHARACTER_SET_CLIENT=@OLD_CHARACTER_SET_CLIENT */;
/*!40101 SET CHARACTER_SET_RESULTS=@OLD_CHARACTER_SET_RESULTS */;
/*!40101 SET COLLATION_CONNECTION=@OLD_COLLATION_CONNECTION */;
